id,price,moonRank,ðŸ’Ž score (%),storeURL,Background,Balloon,Body,Face,Head,Special
10,15,211,0,https://magiceden.io/item-details/GkA97xLv39TAXqQS1TTJnA4xgSLUqCTsGfKMkUqs9nEj,Blue,Solana,Vampire Costume,Cigarette,Noodles,
20,9.69,1788,27.3,https://magiceden.io/item-details/3XbGKhexhsSoPCNqrU5ZEDfsaA7K1xfRWh944iUNWRbE,Light Cyan,Gold,Beige Tech Fleece,Dead,Plant,
30,5.69,1417,70.26,https://magiceden.io/item-details/BWbrviZMMXHk8Mngv2z49xFsBEDbvEu6zv9mVdeYXbay,Purple,Pink,Vampire Costume,Pirate,Bucket Hat,
40,4.5,1823,78.92,https://magiceden.io/item-details/6ehyZLNmR5rvZvv4rLazGaBZ61e7dd3uM6EVHE8LuKDS,Purple,Orange,Black Kimono,Vampire,Fox,
76,5.1,2033,71.24,https://magiceden.io/item-details/AhnVfEC3qELNERCjgBmoyuzCwfRUcyfBwVaaJfzaxMey,Pink,Gold,Tan Brown Blazer Jacket,Smile,Pilgrims Hat,
83,3.9,2634,78.43,https://magiceden.io/item-details/62tP3EBnPZCUuQncJ2H1sQTxZWyjEN86aHJBGnFpz2Gd,Pink,Blue,Multicoloured Tech Fleece,Bored,Chicken,
180,5.55,4339,48.29,https://magiceden.io/item-details/3BYZ8t2Ft8dwh7UAiowvePLyPA7L1ZngoWxWdKacHWWT,Dark Blue,Orange,Brown Leather Jacket,HBD,None,
201,4.5,612,88.6,https://magiceden.io/item-details/334VsWviQYzky99agsKXjKytY4K7Bj1zMJYV8EMzP3uB,Blue,Yellow,Black Robe,Crying,Watermelon,
247,4.5,4002,61.48,https://magiceden.io/item-details/8Tc3ZqphdXy7viCwZVJyT5ywNK2oMJU686E6BdV3baQQ,Rose Pink,Orange,Black Suspenders And Grey Waistcoat,Mustache,None,
253,4,4089,65.79,https://magiceden.io/item-details/GNMLUAJR4fbjM7aoupmxYVrkBVE4Fb9xNM8Ej8itT26w,Aero Blue,Yellow,Striped Sweater With Buttons,Angry,None,
255,4.5,1998,77.52,https://magiceden.io/item-details/3vRw86WuGG28tDAUbMbbjHGLGsWbcske8EQE18YAJZ8v,Rose Pink,Green,Black Overalls,Disguise,Dreads,
256,6.9,5000,29.5,https://magiceden.io/item-details/4VwbfUpevaJaZLFFgUMbpQfqtvGszuwRZht81QqxVgYu,Dark Blue,Blue,Starship Suit,Smile,None,
344,8,724,52.71,https://magiceden.io/item-details/H4L3HTru1XESjeoRmVXLbnA4zuKq8ur73nZxn3Wbjvn9,Dark Blue,Yellow,Blue Denim Jacket,Cloudy,Whale,
351,4.99,2664,67.29,https://magiceden.io/item-details/2V3NWZdHyRm6TotTLMDFXq8o1pNZT69kMjxWDGpHCEgJ,Nyanza,Yellow,Puffer Vest,Mustache,Fox,
369,11,718,22.76,https://magiceden.io/item-details/7Yf1eD3WHhkuMrT7vTPAfRrhEK9FjBExB9R9UeexzrxW,Aero Blue,Green,Astronaut Suit,Punk,Boot,
395,4.99,4352,53.78,https://magiceden.io/item-details/39F1bTXgG5cnzzCNMsqkdgFgsvcgmQdL7ywqKtQs69hH,Pale Lavender,Blue,Tan Brown Blazer Jacket,Clout Goggles,None,
399,6.99,3238,42.7,https://magiceden.io/item-details/7yyA48JhNkR938nhtc9z6PkoG1dgNDUFksmXQ7QbHzvh,Purple,Blue,Navy Blue Waistcoat,Smile,Fox,
401,4.86969697,3211,64.12,https://magiceden.io/item-details/H6LZqPEe5rYKfqcLXBtvoiY1QtFuFkPqGyP2gKcAJinW,Purple,Yellow,Grey Waistcoat,Mask,Man Bun,
440,9.5,2042,27.16,https://solanart.io/search/?token=7fh4wY63UmCjSenrYZBkMzWzZHTaJKJrwtkqZcUiTS3z,Nyanza,Pink,Pink Blazer Jacket and Blue Turtleneck,Crying,Beret,
466,5.85,3272,53.82,https://magiceden.io/item-details/6DA327QHXyuwTLqsCEuSqywje8XJnSQcHptwwprw84as,Nyanza,Yellow,Beige Tech Fleece,Smile,Mushrooms,
484,4,3231,72.65,https://magiceden.io/item-details/2p2F7vd7niLJndQPbScBtECbLAgR3f9qS1MLm5P9EH3F,Dark Blue,Green,Brown Leather Jacket,Mask,Mushrooms,
504,5,708,82.84,https://magiceden.io/item-details/GLJGDp4nvxBE8SD7DY1dt43VaQ24JwkLyZSqeHK6Qbpk,Pale Lavender,Yellow,Black Robe,Punk,Toilet Paper,
510,4.4,3345,67.74,https://magiceden.io/item-details/3VFsRx9WFVum1FB1mQjgsWW3WNJHVxXytV1xi7JnjyXC,Rose Pink,Gold,Black Overalls,Smile,Dreads,
533,4.9,1298,79.12,https://magiceden.io/item-details/8j4zLjdhZn2jMmVX46G8L72zzana2QVdu5gRcNDfB3ti,Light Cyan,Pink,Brown Leather Jacket,Punk,Mushrooms,
554,4.95,2312,70.5,https://magiceden.io/item-details/4CWhKEzYdSd1bsLcYyQ2ppP72Q7Cjm9jBmWgp96UHGfS,Pale Lavender,Pink,Black Suspenders,Cool,Elf Hat,
564,5.5,2635,62.42,https://magiceden.io/item-details/6YNSswzoh8UBWm4CLPqQqz4DZ1u758qdGpWWSEdzSKWd,Light Cyan,Yellow,Brown Collared Shirt,Thug Life,Boot,
589,5.85,3309,53.53,https://magiceden.io/item-details/D9qSitw93oLf4nTBU8uV6r5b34cCRndDUnAh8WWVDPfb,Blue,Pink,Puffer Vest,Monocle,HBD,
590,100,4970,0,https://magiceden.io/item-details/9UwBd518uYvm5NYYVRQevbU5aiA7cJifh1sWtcLmrwp,Aero Blue,Red,Black Kimono,Smile,None,
595,6,2606,57.65,https://magiceden.io/item-details/7pLRPhYCp9eU9iRtcxMrXVRqGk2spdwxsDwRdrtbcyMS,Dark Blue,Purple,Puffer Vest,Thug Life,Mushrooms,
621,4.85,4141,56.87,https://magiceden.io/item-details/5nK5QpHKeNQr1wTfxCxcGqPqDa1sSxaeQv9oyktnchtf,Aero Blue,Red,Dark Grey Suit,Mustache,None,
625,5.65,2935,58.52,https://magiceden.io/item-details/HN3VT53MsYS1f3LpRyV4JN5cGuwvuhh9v7LNQkN9zPs9,Nyanza,Purple,Purple Puffer Jacket,Bored,Crocodile,
632,6,1480,66.66,https://magiceden.io/item-details/C1VzAVJBVKpGSBhkd2Sc7ek6MjE97D7C4Q7sNX1n1qD9,Papaya Whip,Pink,Sleeveless Denim Button Shirt,Motorcyclist,French Fries,
642,5.75,2178,63.58,https://magiceden.io/item-details/FMEVhU58K3vEMXo5rbHpXQ6GGA7p9cx4fegGkRsSASMg,Rose Pink,Purple,Grey Waistcoat,Stressed,Bucket Hat,
659,4.5,3071,68.93,https://magiceden.io/item-details/4TpGX4Bgvbsj3ZvsphMYDpquQWzkHPHVbmFWtvA2boNZ,Pink,Blue,Black Overalls,Monocle,Crown,
671,5.4,985,76.62,https://magiceden.io/item-details/95uVQwWVJKKAtorkDyisVPXtvTvyvyC5FxVzb4C1rqYS,Rose Pink,Confetti,Tan Brown Blazer Jacket,Embarrassed,Cat,
683,3.89,3294,73.25,https://magiceden.io/item-details/29hmd4biMnbbFKNsX5oH1wPo34suqWrYQXHC8x48Bvr4,Nyanza,Yellow,Dark Grey Suit,Smile,Man Bun,
685,4.8,3037,66.2,https://magiceden.io/item-details/59W7jGWTFiJjGK4yV8QokRPh1caFL18pQQk5YceCNEbC,Aero Blue,Yellow,Starship Suit,Cinco De Mayo,Crown,
690,6,2000,62.5,https://magiceden.io/item-details/EBWR8d2DRj42ZhzgrtbzttZ9p56phG2sJmpAp1iv8QkD,Blue,Gold,Brown Collared Shirt,Cigarette,Cap,
695,5.79,2917,57.26,https://magiceden.io/item-details/3qih3SE1wsZQzsAMh7g8PQXoQ8pLvDJG1CUBCSAJM1YT,Light Cyan,Blue,Brown Overalls,Star,Elf Hat,
706,5.49,2459,63.93,https://magiceden.io/item-details/AHAjH9FV2Ykp31y9LuD9sppsCNvYqq7oqMXJAKaeGPAb,Rose Pink,Solana,Short Sleeved Pink Button Shirt,Mask,Bucket Hat,
729,4.5,4226,59.69,https://magiceden.io/item-details/3RL7AxrT5V1wvykGKW8Fmr6h2bA4VweEYEfTHWhyBtzN,Nyanza,Yellow,Dark Grey Suit,Clout Goggles,None,
736,7.69,815,55.08,https://magiceden.io/item-details/3aZcqmMxv2uy5wDUWcr8KnsrmfipaSSG3jfXyHCchDQq,Nyanza,Solana,Short Sleeved Pink Button Shirt,Cigarette,Donut,
756,5.69,3052,57.18,https://magiceden.io/item-details/AHbvDn4PmWJz9UAkH6kgbfv3oLXR4pMZJh3nyeaVfmRW,Purple,Orange,Short Sleeved Blue Button Shirt,HBD,Beret,
780,6,1347,67.72,https://magiceden.io/item-details/7YucBWRBWx1WDpM1tTzKJfyQpj9uYv5UaFdszt3tmjCG,Papaya Whip,Purple,Brown Overalls,Motorcyclist,Horns,
783,5,969,80.75,https://magiceden.io/item-details/4sBnJ2EfbmF36nTBqR7YHge6D4e2RsWbYTz2XXZoNADE,Papaya Whip,Solana,Dark Grey Suit,Clout Goggles,Cat,
784,4.9,583,84.84,https://magiceden.io/item-details/4gMPHFLks3s2FcUwPtLuUZVdXkhqrWDDvJXUtJu57pGt,Blue,Red,Hoodie,Mustache,Snowman,
791,5.89,1108,70.74,https://magiceden.io/item-details/EWedSFhgVRRqUjMyz9w2M1xvx98vS1XKR25diWS5gkH3,Purple,Orange,Astronaut Suit,Smile,Pilgrims Hat,
799,3.99,1461,86.91,https://magiceden.io/item-details/8Qo5iwvkReM36VqRmmr8iQQGK1YU7Ayt5tVF9RWtRgbT,Pale Lavender,Red,Brown Suspenders,Superballoon,Crown,
811,12.5,3205,0,https://magiceden.io/item-details/Dz3Tmqb9iZhAm25srrjrSNXxHiwuSNCDzDFEUFU1qLoJ,Light Cyan,Purple,Brown Leather Jacket,Mask,Mushrooms,
837,5.89,2448,60.02,https://magiceden.io/item-details/3tcudiTPiDcQNUEKQjmAGnm8ZAbikyGqBNzFG8bVwxjw,Nyanza,Blue,Grey Waistcoat,Cinco De Mayo,Brown Hair,
846,4,1715,84.78,https://magiceden.io/item-details/HHbYFAKo8FnCYFjaHUsAoNWENtdxfi3Cg8Yop76iWqZw,Aero Blue,Orange,Brown Collared Shirt,Cigarette,Vampire Hair,
847,6,1753,64.48,https://magiceden.io/item-details/4nNBjNgMQLpqivQNKyqiSABaeV2hVsxRzNG7BNmqbLqf,Purple,Green,Brown Suspenders,Cool,Pizza,
873,6,1662,65.2,https://magiceden.io/item-details/CHMSE78W3CRgp6yCjhWRd5UNhYJZnWtcjjw1EHS1m7oL,Pink,Solana,Puffer Vest,Smile,Plant,
876,15,1993,0,https://magiceden.io/item-details/UfDvuHWa7sEFdLEMbyXDuuJ7Ar5vc8syuUvaNSbhnu3,Rose Pink,Red,Black Suspenders And Grey Waistcoat,Embarrassed,Beret,
924,4.99,996,80.63,https://magiceden.io/item-details/FkdJrWbbh4gwSRxwYAc8JDJCSmaCr7WAmy2gEMT2CfTC,Pale Lavender,Gold,Brown Suspenders,Dead,Snowman,
928,4.99,2495,68.64,https://magiceden.io/item-details/J14srLZmp6CPNwAFUDToUDfsQ5ob2CNjQXFCYCFXcFeR,Dark Blue,Yellow,Purple Puffer Jacket,3D Glasses,Chicken,
937,5.75,3834,50.33,https://magiceden.io/item-details/2Kgm4DzQMSnub6NAED5jupDr7qzktmbeS4mWmTKpqTUg,Purple,Blue,Puffer Vest,Pirate,None,
945,4.9,2564,68.99,https://magiceden.io/item-details/AnAJqmQBWo4ha6mj7qu1Do4NPJF2PjJUksxdD6zhu6Lp,Pale Lavender,Yellow,Puffer Vest,Bored,Brown Hair,
948,5.79,2579,59.97,https://magiceden.io/item-details/HAtz1JX7b6GZbytWciNwce25iaZex6PwzAJvvN4a4EBq,Blue,Pink,Pink Blazer Jacket and Blue Turtleneck,Crying,Dreads,
956,5.99,2813,56.1,https://magiceden.io/item-details/AvSoXShEvLstwJpiLhHX4yXamH5scYanD6wSD5JY1dHJ,Dark Blue,Red,Black Suspenders,Cinco De Mayo,Fox,
959,5.79,2596,59.83,https://magiceden.io/item-details/CcaH84jsocxF2mKZYypTWkVmgvSBLc61PeRppJpfunbQ,Dark Blue,Orange,Blue Denim Jacket,Thug Life,French Fries,
981,5.5,4332,48.84,https://magiceden.io/item-details/7WHynTUiBS8JqLRK1xSxK1VK2GdmcyCeszhAzhXfC9r3,Pale Lavender,Pink,Short Sleeved Blue Button Shirt,Cinco De Mayo,None,
989,4.5,3867,62.56,https://magiceden.io/item-details/ELS9jC1LgXqLaXBvdX1mu8CXfydRCygmdfo95aTzxgvG,Purple,Green,Brown Suspenders,Pirate,None,
992,4.69,757,85.54,https://magiceden.io/item-details/EJLsaCVe6G8cVhjMbNMHZdiLjYpj5uPds67H29jyCrEN,Papaya Whip,Rainbow,Striped Sweater With Buttons,Dead,Brown Hair,
1001,6.96969,1686,55.32,https://magiceden.io/item-details/DM7XCPDvjyKG19PV5U5JhfiTgqGCsVmRU78SRFmE7JBy,Papaya Whip,Red,Multicoloured Tech Fleece,Dizzy,Pizza,
1011,4,1038,90.2,https://magiceden.io/item-details/82sGpQ7E1We1CUwsXdCfWLCzx5vTFC8nQ1wnaoFBkeQN,Pink,Blue,Short Sleeved Pink Button Shirt,Vampire,Horns,
1050,7,2180,51.06,https://magiceden.io/item-details/CeBMs2aoTuGqnKLt4ckLdt12F8HK1LuEbyT1a4uaSFh8,Nyanza,Orange,Brown Leather Jacket,Embarrassed,Cat,
1075,15,519,0,https://magiceden.io/item-details/7E6mBGrb4bBu9TRokMLiA7Rhf6SR1WcSjMKtkGBxfKpe,Pink,Confetti,Short Sleeved Pink Button Shirt,Mustache,Ice Cream,
1106,4.99,2779,66.37,https://magiceden.io/item-details/BZp7XJEUU2RJwXMvuL1sAtQBYnQKRgbtfvrWCuAMQu9n,Pink,Red,Dark Grey Suit,HBD,Cap,
1128,5,1243,78.56,https://magiceden.io/item-details/6sRyPjuXtLk6iRNcqt6LWnNbNpyHhRnpCeo7XkGgzPtp,Dark Blue,Red,Tan Brown Blazer Jacket,Wrestler,Cat,
1133,4.445,2433,74.59,https://magiceden.io/item-details/7gyAg23vcYxzyu3uq47YNxG6HmkREXJxwzjEnKgze7aK,Rose Pink,Pink,Starship Suit,Mustache,Pirate,
1167,6,2518,58.36,https://magiceden.io/item-details/DN5bDXUbLQebEDoJHbpDTVxYkVWGZGMn396Bt83LXXkB,Light Cyan,Gold,Pirate Costume,Beard,Brown Hair,
1180,7.8,1614,47.59,https://magiceden.io/item-details/3SY998NWx6spuARorj9C3fMakRq5ce2eBKMYmTEfVEqS,Light Cyan,Red,Brown Suspenders,Motorcyclist,Crown,
1181,8.45,1749,40.01,https://magiceden.io/item-details/EgnsRZNnG552bGBjrPtxavyQnL4Qs7EzdE5EngGrSH2k,Pale Lavender,Purple,Puffer Vest,Dizzy,Pirate,
1194,5.49,3112,58.7,https://magiceden.io/item-details/6Zy28ej5EiaZTUZLk5DQaaU4sHQJDapF4TEE2kH95yzX,Nyanza,Blue,Tan Brown Blazer Jacket,3D Glasses,Bucket Hat,
1250,8,2549,38.11,https://magiceden.io/item-details/EFnLTSDrdEcjsXjjVXMSCCEjcvkDLRq5Na84pTQ7Q2nH,Aero Blue,Red,Tan Brown Blazer Jacket,Cool,Cat,
1276,10,1570,25.94,https://magiceden.io/item-details/4Kkpbgw8GNTxVKwkd2wNz77dqkDNVHf3WGQXSoe8ou6i,Light Cyan,Orange,Brown Leather Jacket,Mustache,Plant,
1299,8.8,2722,28.72,https://magiceden.io/item-details/7d7iszZsjwxbVprYsw6K4VKsLbUFrekCwRUcJV8Ne98v,Aero Blue,Pink,T Shirt,Beard,Crocodile,
1319,6,1499,66.51,https://magiceden.io/item-details/CXpGf4cNQhDdNUEBCfY5FJAERgVzoYDZNcsBLgHV9LM7,Aero Blue,Orange,Grey Waistcoat,Vampire,Man Bun,
1342,4.25,1262,85.9,https://magiceden.io/item-details/BZJ2HLYkrMJcRXv64jt2wHRfjPwP6xr6o1KHzbW5GkVo,Pink,Orange,Black Tunic,Dizzy,Monkey,
1396,9,1192,38.96,https://magiceden.io/item-details/5cqZrjJqW4DKNDSSuyyRi8p2r4dGChP5jaofv4zUGTHV,Nyanza,Purple,Vampire Costume,Disguise,Dreads,
1402,5,3398,61.32,https://magiceden.io/item-details/GfrxnKoUhWdNay5miGaQJWy1QLFNuerXwKEJX24KA1i3,Pink,Confetti,Brown Suspenders,Punk,None,
1427,12,2794,0,https://magiceden.io/item-details/FVF7pwT4xZCJxF1DXiXNCPxyKNVHWWC9fvrpXAu21ehX,Pale Lavender,Orange,Purple Town Coat,Thug Life,Mushrooms,
1440,6,2604,57.67,https://magiceden.io/item-details/76e41sCE7oaxK5YHXBvd5KXNuCSTCHuWi5SMUxsUgQxf,Blue,Orange,Black Suspenders And Grey Waistcoat,3D Glasses,Bucket Hat,
1509,4,2831,75.85,https://magiceden.io/item-details/BgoMQUtc1q2eMbDxfb4T3eH1cx1rv3jfX8o5bVCLU2W7,Papaya Whip,Gold,Multicoloured Tech Fleece,Dead,Dreads,
1518,25,811,0,https://magiceden.io/item-details/375phqCHYyYjqtb9Kvq1urhRUVLwR2kX9kSgMDzca6Xf,Blue,Solana,Sleeveless Denim Button Shirt,Monocle,Pizza,
1531,4.9,2987,65.6,https://magiceden.io/item-details/B1jL51h3s5e2fgsuYJ5HFtv29pU9kZrcsHgWpuGKW5Eu,Blue,Pink,Black Overalls,Monocle,Chicken,
1544,4.3,1633,82.44,https://magiceden.io/item-details/2ieYUxjCmpbpeXHiaUHTkvZwYA8bWuVsR9YGoih5pCur,Nyanza,Yellow,Brown Collared Shirt,Cigarette,Monkey,
1546,5.9,2557,59.04,https://magiceden.io/item-details/B1TY3PC6Tnuk3rQzX8rzNVVenresFQmxkD9qtjXpVRdZ,Dark Blue,Pink,Puffer Vest,Dead,Mushrooms,
1559,8,4207,24.84,https://magiceden.io/item-details/9KXarc4KyBsvf9SL2Hqvz1FUD8p8AdRmKP8J7N9V8BNk,Blue,Pink,Black Kimono,Bored,None,
1561,5.5,4113,50.6,https://magiceden.io/item-details/ETn8FAjw5WAQJV895PM8e7cEQzL1TZt3XeyRKmuiMGPT,Dark Blue,Green,Navy Blue Waistcoat,Monocle,None,
1599,5.9,916,72.17,https://magiceden.io/item-details/9jKKmreituWQqyQymjgP4TaKqeDSSpF2x2CL61DXXaw2,Papaya Whip,Red,Sleeveless Denim Button Shirt,3D Glasses,Pilgrims Hat,
1605,4.99,3705,58.96,https://magiceden.io/item-details/23DFgaaoaNb8nDtWAqHzTfMS6aXrA6QA78Eu9D6scePV,Light Cyan,Green,Turtle Neck Sweater,Motorcyclist,None,
1614,10,1348,27.72,https://magiceden.io/item-details/E24Dp6ktkjz8dSXyJR1CDS4cQGdKgwTUAyMy9P4CPGjs,Pale Lavender,Pink,Short Sleeved Pink Button Shirt,Punk,Brown Hair,
1629,10,2485,18.62,https://magiceden.io/item-details/3PUyGZZ7ezWBUDbc3skNwLfXHywBdVmAnv9eupcXL2w9,Aero Blue,Blue,Pink Blazer Jacket and Blue Turtleneck,Bored,Chicken,
1637,4.5,2177,76.08,https://magiceden.io/item-details/69fZFdvMCgoUWWXh12L7tfSeCSNTgHRLcx81FRn75CGQ,Pale Lavender,Green,Navy Blue Waistcoat,Cool,Dreads,
1675,18,1231,0,https://magiceden.io/item-details/9ruzDCttM8KDDTcWAqG75k71BNa4Cw6jzur7PLskiPNM,Blue,Yellow,Navy Blue Waistcoat,Thug Life,Monkey,
1726,4,2370,79.54,https://magiceden.io/item-details/7KmFLBK1XCFhBTojE9vpcxBHozh12GtXJdMZm4e3LcDk,Blue,Purple,Dark Grey Suit,Cigarette,Brown Hair,
1770,17,445,0,https://magiceden.io/item-details/97NKaQuxkSCKxTaC4rQNbsXnMLQBfQVhCzRQvJuSXjC3,Pale Lavender,Gold,Short Sleeved Pink Button Shirt,Motorcyclist,Watermelon,
1775,4,1361,87.61,https://magiceden.io/item-details/23GJUeypo5zmMY5sFB6FrWCGjHSdAJjXvftTjH1cWkEa,Light Cyan,Purple,Short Sleeved Pink Button Shirt,Stressed,Plant,
1781,3.85,3958,68.34,https://magiceden.io/item-details/3EqR61ZHcvvd2QYKv4T3mLVeYTyULrm2VSH1SaDyY8kg,Pale Lavender,Pink,Hoodie,Mustache,None,
1788,5.5,1042,75.16,https://magiceden.io/item-details/6DA8zZ7NjDQ28Yn8v8t86KBhKRRPfD3dFSBmFE1XPzoh,Light Cyan,Confetti,Black Robe,Embarrassed,Crocodile,
1804,4.35,1747,81.02,https://magiceden.io/item-details/AbwBxumcMCuK1EndJoRRyHDiL3WF4jYfzz28oCRLyh1h,Papaya Whip,Orange,Grey Waistcoat,Cinco De Mayo,Cap,
1831,5,907,81.24,https://magiceden.io/item-details/3ixxQeG217QmVsoZamZeQehXhfr24XkN34LLcrUytQSy,Purple,Yellow,Brown Collared Shirt,Cool,Snowman,
1845,5,1373,77.52,https://magiceden.io/item-details/6pE7BopoEpkf6ygtKFonyHxUkvkc9oRq6N2DDhAVDkL5,Dark Blue,Gold,Black Kimono,Stressed,Toilet Paper,
1875,5.55,2343,64.26,https://magiceden.io/item-details/3JVh747AwkLMRjMjvBJoXHv4DK9u2LJzTfYjs8NCU3Pd,Light Cyan,Green,Sleeveless Denim Button Shirt,Dead,Donut,
1877,9,634,43.43,https://magiceden.io/item-details/DGjBEvzRDq1YwufWmppS2wrHXF61D2JSPxdMyPdQagxn,Dark Blue,Rainbow,Short Sleeved Pink Button Shirt,Monocle,Toilet Paper,
1885,4.35,1962,79.3,https://magiceden.io/item-details/3SrBN3eS1RhG5gTj3rtSqaFA8tFYUWwrPHeKzYFg3zDC,Pale Lavender,Yellow,Pirate Costume,Crying,Cone,
1890,4.25,3073,71.42,https://magiceden.io/item-details/CRoBiwMK6WPvW8KeXJRamJsF2SdmFkLkr8jk8FfMbyTH,Blue,Gold,Multicolor Peacoat,Smile,Ice Cream,
1922,5.25,2494,66.05,https://magiceden.io/item-details/8JhpKmYADF5htTfBtSkxhFdHn5PiCdkfF4NiVnPwffhb,Papaya Whip,Orange,Tan Brown Blazer Jacket,3D Glasses,Elf Hat,
1944,4.69,1803,77.18,https://magiceden.io/item-details/FUp43iMadzK8Kd45B5UERMp5fRmU1a89YaXvvw35PGAE,Purple,Gold,Short Sleeved Pink Button Shirt,Beard,Vampire Hair,
1957,5,715,82.78,https://magiceden.io/item-details/6rnCcVnLXBs2Y95TFmq7o8YBtBUmvpmmtbstJhMkn2zP,Rose Pink,Confetti,Brown Suspenders,Star,Cap,
1970,7.5,2965,39.78,https://magiceden.io/item-details/2ji291xrJj8kTfLbkth5vijtNhQiUAZkidNhA8HHYRmz,Pink,Orange,Turtle Neck Sweater,Clout Goggles,Bucket Hat,
1984,5,2677,67.08,https://magiceden.io/item-details/6xKcwttB9rZQfQAtKDQ9n9xtz8y4vGYigKtnmC9oSB7J,Light Cyan,Blue,Puffer Vest,Thug Life,Brown Hair,
1992,4.6,3978,60.68,https://magiceden.io/item-details/2NnsrPtirmJiCUKa9XUXdSK3Ku5ADkiYkqCL7eUGMAmX,Pale Lavender,Confetti,Starship Suit,Monocle,None,
1995,5,422,85.12,https://magiceden.io/item-details/Fciju5BRp9xk4G72QZ1asUAv9Jhhwv4ccP1oe61fnhBL,Rose Pink,Orange,Grey Waistcoat,Punk,Snowman,
2000,5.5,1931,68.05,https://magiceden.io/item-details/DUVkguTuE5zUUsPsvd4YfDuGqQKXCUkCgZ9EwmE7CVrk,Papaya Whip,Red,Blue Denim Jacket,Embarrassed,Monkey,
2018,9,667,43.16,https://magiceden.io/item-details/D3nMkJKcrvqezAaGcgaY7A8AqNW3wvA96d17SV9mRCyC,Rose Pink,Confetti,Black Overalls,Cool,Plant,
2020,5.5,2274,65.31,https://magiceden.io/item-details/8VwaTtz3B4FSRjnfENzdKbVKmgwkSPKPm56teEUkdiw9,Rose Pink,Green,Hoodie,Cloudy,Brown Hair,
2037,7.77,1937,45.3,https://magiceden.io/item-details/B1PNXepVetQ52tkVJFbyyARu48PWvjnqYWyYu9waAhko,Pale Lavender,Purple,Black Tunic,Angry,Cat,
2048,4,3095,73.74,https://magiceden.io/item-details/6M3bz8LHAY5AnKCEotSQYQKZZ9FFCFjdeBydwWUswLmv,Pale Lavender,Red,Purple Town Coat,Beard,Bucket Hat,
2050,7,1944,52.95,https://magiceden.io/item-details/73neDMMkQhLj3h58gXQuy2fooiot3t8AY8Xaiv3KKpxb,Papaya Whip,Purple,Vampire Costume,Cigarette,Bucket Hat,
2073,4.2,2639,75.39,https://magiceden.io/item-details/E2anHFeUzLeo2CtmtKDoU2cgXzBYRmCTt3cMVRMDZE4D,Rose Pink,Red,Purple Town Coat,Mustache,Mushrooms,
2098,4.04,3783,67.84,https://magiceden.io/item-details/7CZ3RG7Ebkeh9T1Xc2gQqoZL8TyY4uDDZ3jTsMv7Bysw,Blue,Pink,Black Kimono,Disguise,None,
2139,5.5,4225,49.7,https://magiceden.io/item-details/B6bmquN3b9oAN1qtdr9R8unxq38Vh9D3thN878juwy9d,Rose Pink,Red,Dark Grey Suit,Cinco De Mayo,None,
2145,3.99,2171,81.23,https://magiceden.io/item-details/2gMqFJ5AZxJf7METrWxJ8LEh5XPpA4j8PZYix31pBWay,Light Cyan,Orange,T Shirt,Beard,Chicken,
2168,4.99,3158,63.34,https://magiceden.io/item-details/Eo9UJ8mX1KVyXvNeNkwKanMqRrh2rXmQXKU7KBTC8KTN,Aero Blue,Blue,Starship Suit,3D Glasses,Boot,
2187,5.1,3749,57.51,https://magiceden.io/item-details/5ny8yRJdYV5AQ7rtu6JZnXmSz1qz5FYfZwdBhUXBCumh,Pale Lavender,Gold,Hoodie,Stressed,None,
2200,4.5,3572,64.92,https://magiceden.io/item-details/6xAMd9fRGnpadST2dxfREpas9BRBScshpbYYTBfRu9gg,Pink,Green,Purple Town Coat,Wrestler,None,
2204,10,3122,13.52,https://magiceden.io/item-details/A8qf8HGzAgEccg21kLg7wt7Z6V79R5647RaEa4qBJMef,Blue,Gold,Pirate Costume,Crying,HBD,
2207,5.9,2424,60.11,https://magiceden.io/item-details/DuaRnMFCTgmzduxGZpPjkDHR6VAnPuYdrJLNmH8LJX6Z,Nyanza,Pink,Pink Blazer Jacket and Blue Turtleneck,Dizzy,Brown Hair,
2215,4.44,4160,60.82,https://magiceden.io/item-details/F7u9Up3K6GVvZe22cZd7kt6f6L6fgMVbGMUk2znPypCF,Nyanza,Red,Pirate Costume,Angry,None,
2246,16,732,0,https://magiceden.io/item-details/zDb4WKs91rkrenjAc8pWeW1UtasoEEqaj57xMwEeFTY,Blue,Purple,Blue Denim Jacket,Dead,Sushi,
2265,6,2627,57.48,https://magiceden.io/item-details/24ntmLxehcYbnfpmuWirFoR2yV4fWn1GBrR5DdabLUhF,Papaya Whip,Gold,Dark Grey Suit,Cloudy,Elf Hat,
2278,10,4319,3.95,https://magiceden.io/item-details/BfzHFxXEf5HDUnMojn1gs5G6FDTV1ALgi3iksWiVrZvu,Nyanza,Purple,Brown Overalls,Cigarette,None,
2282,3.95,2809,76.53,https://magiceden.io/item-details/AoRVHcL5TncUquo1R7ZAAghp7NVLqqxmUwkXMrvrHD4S,Light Cyan,Red,Navy Blue Sweater,Thug Life,Mushrooms,
2284,20,1725,0,https://magiceden.io/item-details/DQaeC5wdXfDY9zXc64NdP5VkTLw2zFDryjeFUq3MkunY,Rose Pink,Blue,Astronaut Suit,Crying,Crocodile,
2285,7.5,3017,39.36,https://magiceden.io/item-details/6pdSimcegybkezKA1uSbXouV1ENbznW8c3xhVDeXz32C,Rose Pink,Blue,Brown Overalls,Monocle,Cap,
2291,5.5,465,79.78,https://magiceden.io/item-details/GA3HrraxuRt8fSxaxAgV2v2Bgo3BMpUVbvFT3q3RNeR7,Aero Blue,Confetti,Pirate Costume,Mushrooms,Mushrooms,
2309,5.42,1203,74.68,https://magiceden.io/item-details/5Fi8XGTGu8EqkjWjPqZ8FmLaifiH9LJ25kGqLn9kcRAU,Pale Lavender,Solana,Sleeveless Denim Button Shirt,Embarrassed,Crown,
2329,5.99,879,71.57,https://magiceden.io/item-details/78JqDHJJGwyt2NkCwSqiMLhsMXuF3ugvYrQYkE7yVuJd,Papaya Whip,Purple,Turtle Neck Sweater,Pirate,Vampire Hair,
2336,5.3,2561,65.01,https://magiceden.io/item-details/DsG95HY5ovHsS8RLrv2bhzyc2apFhLCmkqLKofN88RB,Pink,Red,Black Kimono,Star,Cloud,
2342,5,553,84.08,https://magiceden.io/item-details/Hbsr8fYJirYdeZiWwbuZBVHDumoMb9jzmpxPQ8d8v1zC,Purple,Gold,Turtle Neck Sweater,Mustache,Whale,
2348,5.5,4130,50.46,https://magiceden.io/item-details/2X4j2dNkxJ9zHMJxm1U3ht4uYREaYXVZT1caGQfsmqAh,Dark Blue,Red,Multicolor Peacoat,Angry,None,
2357,5,854,81.67,https://magiceden.io/item-details/BrsKRfhR9RA8eDCdGcxULQeibAxJ9PyfV9vzhA6aY4py,Papaya Whip,Purple,Black Tunic,Wrestler,Crown,
2387,4.6,4282,58.24,https://magiceden.io/item-details/FwhgbEgQL136g8c3MoSKpPEeShrXKYc8TyNjiPPzg1Rc,Papaya Whip,Blue,Black Overalls,Star,None,
2390,5.59,4238,48.7,https://magiceden.io/item-details/2mBZashhAdBdyNjPvo8W94945AfxrdfAeqyvsMJEJMgW,Purple,Gold,Black Kimono,3D Glasses,None,
2403,6.88,1304,59.27,https://magiceden.io/item-details/72wCz75jbbHPtZTFetQwrZpx1UBp8cwq6CLHcrCtDAZZ,Dark Blue,Orange,Brown Leather Jacket,Pirate,French Fries,
2452,4.99,3608,59.74,https://magiceden.io/item-details/F4i2qMAAg69EvrZCKwsjwNh1R9TaAZp99unZbEyPTUeA,Aero Blue,Green,Puffer Vest,Punk,None,
2459,10.5,740,27.58,https://magiceden.io/item-details/9vYZhvzej4xdY8xTYQwYsNvA7W7xkeRUZAD94B2R6PAa,Blue,Rainbow,Tan Brown Blazer Jacket,Cloudy,Ice Cream,
2461,7,2542,48.16,https://magiceden.io/item-details/6pF4JWYjZ2aQTtUjR5Fc4L2Gg3otYjUisRGVPBTaqvQZ,Blue,Pink,Multicolor Peacoat,Embarrassed,Brown Hair,
2478,9,2257,30.44,https://magiceden.io/item-details/3QeznDiE9VD5xykwdT5m71fcAsjo3grzJU8hShuodQzs,Pink,Red,T Shirt,Clout Goggles,Cat,
2481,11.69,496,17.63,https://magiceden.io/item-details/48sXEP96QFt9kAAck9jPc89hrhCcsQjY9WLneeJJQauy,Pink,Rainbow,Multicolor Peacoat,Bored,Pizza,
2497,4.99,2390,69.48,https://magiceden.io/item-details/DJRRTRZhteyLF1rp8uhk7ZprbV8EdnMzU262oXL7zREn,Nyanza,Orange,Brown Collared Shirt,Angry,French Fries,
2498,6,3152,53.28,https://magiceden.io/item-details/5jEfpjf4i5cCFedv9xE7jamgMMQHerC7RgyCNFAQVynA,Nyanza,Green,Brown Collared Shirt,HBD,Mushrooms,
2502,12.5,4129,0,https://magiceden.io/item-details/CUqHY1PjzeGf3jRqi7HNHtwUzAPM7hi21bSFj2affzZE,Rose Pink,Pink,Multicolor Peacoat,Dead,None,
2509,4.5,2486,73.61,https://magiceden.io/item-details/Et1XehjTY4BCUfFxUqysAsPMbFXN7g7xmPhWyzmotaUm,Blue,Red,Dark Grey Suit,Cinco De Mayo,Cloud,
2517,3.95,2198,81.42,https://magiceden.io/item-details/7ES5q771acXVcEnNToSJW69nu3PKbtR47RmsBfA9nqve,Dark Blue,Yellow,Puffer Vest,Monocle,Horns,
2566,4.95,2359,70.13,https://magiceden.io/item-details/FTEDso6oMyZjePNRtzPZoPt15pNhUjTfCaefpcHFRUW5,Pink,Green,Pirate Costume,Beard,Chicken,
2580,4.4,1551,82.09,https://magiceden.io/item-details/EWXcg6y36XdoKBM4YiRXfv7Z79zYWRj6pxwpTK9g8pn9,Aero Blue,Blue,Beige Tech Fleece,Crying,Monkey,
2590,4,3147,73.32,https://magiceden.io/item-details/9UcxAQpr8m1WK2wtvsUPUTSdYmxGeMAx98LUHvJJqP3S,Aero Blue,Orange,Starship Suit,Cinco De Mayo,Dreads,
2599,6,313,76,https://magiceden.io/item-details/9epkfBHAnpsCPHHkkUUAp3VW6nDkwGNNPyH2om4X5W5X,Aero Blue,Confetti,Black Tunic,Embarrassed,Noodles,
2600,4.6,1432,81.04,https://magiceden.io/item-details/EB9qc8UjzQyybC2GAgLapv3F8fhq8aX5xuYLL1NNnJpi,Purple,Purple,Pirate Costume,Punk,Dreads,
2603,5.85,4302,45.58,https://magiceden.io/item-details/7J733fbL3sQpy8e5TfQoQjjjXGMb1hsuYy1bPLCYja9,Pale Lavender,Gold,Multicoloured Tech Fleece,Thug Life,None,
2665,6.96969,1428,57.38,https://magiceden.io/item-details/GG72nKiuv3i9pJc2ZRboGTRtJYBp7S6qxEgsSfPxygqX,Dark Blue,Green,Starship Suit,Punk,Ice Cream,
2672,6.66,442,68.36,https://magiceden.io/item-details/8VqFRH8JyfpHc8n6BmybKLnahmnoufJTQfzzzptackXf,Aero Blue,Blue,Black Suspenders,Pirate,Sushi,
2697,6,1989,62.59,https://magiceden.io/item-details/HEh5G1oLU5ErViqK7sTL2e13s43GtLGzewXGzuiYgFrh,Rose Pink,Blue,Grey Waistcoat,Stressed,Man Bun,
2711,6.9,1356,58.65,https://magiceden.io/item-details/8Ybvq2uiu7ncLcwCXH6AagCG6qSFULx4YonZGy4Kw5Rm,Nyanza,Yellow,Pirate Costume,Pirate,Cat,
2744,5.49,2524,63.41,https://magiceden.io/item-details/G5UPsYg6mMX77GYVdpkfnhBsRKtvrXsBe5FAgmqeDJ26,Papaya Whip,Red,Blue Denim Jacket,Cinco De Mayo,Cone,
2753,7,979,60.67,https://magiceden.io/item-details/4oJxgrfdDnUFkth2xzaAq8a6Nm1fT8LVHvmdZXgT5W98,Pale Lavender,Orange,Multicoloured Tech Fleece,Vampire,Pizza,
2763,8,2774,36.31,https://magiceden.io/item-details/GVkWCiXkD64C7Chim3Qun7AoJj3TNn2HjQLxkNRzaRH1,Dark Blue,Yellow,Blue Denim Jacket,Cinco De Mayo,Mushrooms,
2767,7.99,1103,49.78,https://magiceden.io/item-details/HNoW5JKkDBj88aD2skvC31eYo1phb2m8JqsM4gibUJen,Rose Pink,Confetti,Striped Sweater With Buttons,Thug Life,Dreads,
2777,3.9,2161,82.21,https://magiceden.io/item-details/AuinfC8FH9yNze4BDyTMQpKXH9R69HZmZHUL6H1kBEeE,Light Cyan,Blue,Dark Grey Suit,Mustache,Cat,
2778,7.69,510,57.52,https://magiceden.io/item-details/6RZPC7SZKZVE6t42SDCDyZ9LaxyW4i3nHjaEWHkqMPJt,Purple,Solana,Striped Sweater With Buttons,Punk,Dreads,
2798,5.9,4015,47.38,https://magiceden.io/item-details/C3krr5Z1xFG5dmxu91VYmDru5nmYgWvXbFVhGrJxnhEr,Rose Pink,Pink,Hoodie,Cinco De Mayo,None,
2804,4.5,4990,53.58,https://magiceden.io/item-details/5RVHjKL74Uut89tMaxQSH6dWpPHdtrkfpCSWNDRADunE,Blue,Blue,Starship Suit,Glitch,None,
2813,4.69,4790,53.28,https://magiceden.io/item-details/983TVFjv1R5AKJ4D2meX3gxvq7SCwyz3MZ2uHrHFeHYR,Aero Blue,Orange,Tan Brown Blazer Jacket,Cyborg,None,
2873,6,4521,42.33,https://magiceden.io/item-details/EEx8VwNetZKZkFbB3WS5ESaMUj9XzvYN4W7kzgStzWva,Nyanza,Green,Black Robe,VR,None,
2878,4.5,4347,58.72,https://magiceden.io/item-details/12sXQnzoMM6ChM5z2GxXEP8LBkvQWMDVjyf8UdWp4tRy,Pale Lavender,Purple,Black Tunic,VR,None,
2885,4.05,4561,61.51,https://magiceden.io/item-details/A5F4ApnPYsqkt1NVmiVedLvXPfjaiVGLki9K3hCMgTv9,Rose Pink,Pink,Striped Sweater With Buttons,Glitch,None,
2946,4.9,4609,52.63,https://magiceden.io/item-details/4dNUMgHqaRXp3y3Jv3Lhz6CxHKxBLLTzhud1Jy7ZnYMg,Pale Lavender,Green,Beige Tech Fleece,Cyborg,None,
2953,5.59,4199,49.01,https://magiceden.io/item-details/6eLspL9QDfE6gPBJwJNcuikWg3nxqD9rNKWjgKuCm1wS,Purple,Purple,Vampire Costume,Glitch,None,
2956,8,4487,22.6,https://magiceden.io/item-details/E7JqnB33gsWETue4gbb5gjGZAQsEtjnnbKc9vTHDb87w,Dark Blue,Pink,Beige Tech Fleece,Cyborg,None,
2989,4.88,4728,51.88,https://magiceden.io/item-details/GnRMmq764k1bNNvKZgpXvdyH56HU6g99Mx1frARjAyZL,Blue,Purple,Dark Grey Suit,Gas Mask,None,
3013,4.9,4685,52.02,https://magiceden.io/item-details/7nPAcwKRXg4qZvJRRcEHu7g8LgwVmh1THTtk2Ff881ft,Pink,Green,Navy Blue Sweater,Cyborg,None,
3018,4.2,4579,59.87,https://magiceden.io/item-details/5y2DGZ9p8EKVK4ooFycL56H7RTUhNqVHJ8b3yt5BQSd6,Purple,Red,Pirate Costume,Cyborg,None,
3080,4.3,4377,60.48,https://magiceden.io/item-details/F66KrxVAEWzjQA9sX9MQ7mbtfNAsNMNR4bN82hNxWvKh,Light Cyan,Yellow,Black Suspenders And Grey Waistcoat,Gas Mask,None,
3112,5.49,4636,46.51,https://magiceden.io/item-details/3NdpwmawQCnZw6RWXnX1E3spUPkE1uA9QNmVH7JrwDBx,Pink,Blue,Black Suspenders,Glitch,None,
3144,3.89,4414,64.29,https://magiceden.io/item-details/GUDejfTiaBZtnLGgX6b4NZE2cg7SMrRxBn3h6h4ZfYjS,Blue,Purple,Beige Tech Fleece,VR,None,
3217,4.4,3854,63.67,https://magiceden.io/item-details/2dxY8Uoqr9aSbK3jsf9pMknao5uLQh7Kk6pRnZo9Ez9V,Papaya Whip,Solana,Black Kimono,Glitch,None,
3219,5.3,4596,48.73,https://magiceden.io/item-details/Asnun4PGbdgCRG8em6dyffTR4UHC5hyes8XguTqtv4Ue,Dark Blue,Green,Brown Collared Shirt,VR,None,
3225,8,4532,22.24,https://magiceden.io/item-details/BZZRA8cNCVq9V8jUDtRqZuNwNrPqYh4UEkFvQhKzGESd,Papaya Whip,Green,Yellow Utility Jacket,VR,None,
3234,8.9,4649,12.31,https://magiceden.io/item-details/2UCW5SxtLkazhAsJmBHCiu8vzrPHervCgLZJpusPZx7D,Pink,Green,Pink Blazer Jacket and Blue Turtleneck,Glitch,None,
3262,4.99,4925,49.2,https://magiceden.io/item-details/8M42GVuBmFh4Q5MLFhbbQWA8jZmJccPz2avAiJsBVKgR,Dark Blue,Red,Purple Puffer Jacket,Gas Mask,None,
3318,4.5,4671,56.13,https://magiceden.io/item-details/6nmn4Va5YzLPQm6YZjV3nJhp9WtcYSMA5z6oRwJJxeZ,Light Cyan,Red,Black Kimono,Cyborg,None,
3322,4,4630,61.46,https://magiceden.io/item-details/2Z8RtoyefqePZx3LSyX5AMS7ALSce7s9uNLUYTBJ5EVP,Pale Lavender,Purple,Black Kimono,Cyborg,None,
3350,4.59,3819,62.05,https://magiceden.io/item-details/8tNYkZoTspGm1qdtqFiJwmqXeokxtg5KWZMDZPSgvE4s,Rose Pink,Confetti,Sleeveless Denim Button Shirt,Glitch,None,
3371,4.77,4543,54.46,https://magiceden.io/item-details/BBhHxyqrRqKVHpxG8dYm27v8VdHt5vdeXxRExbuhxSpG,Rose Pink,Red,Black Suspenders,VR,None,
3404,5,4208,54.84,https://magiceden.io/item-details/D5j4vvB43Mtf7KVhXPa5Y5UEQ1ALk5RWFzSxMeHQfPF,Pale Lavender,Purple,Vampire Costume,Glitch,None,
3409,8.88,4895,10.54,https://magiceden.io/item-details/3MSngZWgfFfFxaE6jEYWu7LCVbRXNoPYz1cE5GFGFiaC,Rose Pink,Green,Short Sleeved Blue Button Shirt,VR,None,
3418,4.5,4349,58.71,https://magiceden.io/item-details/EzvVWyoHxZDqURm64MS8E6jjjFUQhbB6PH8k3U2rusfr,Blue,Green,Black Suspenders And Grey Waistcoat,VR,None,
3429,4.19,4648,59.42,https://magiceden.io/item-details/CiKymAWpnwQUqcdWFBxBoKiWLuY8dKPQ9MR6D7xbCawp,Papaya Whip,Green,Beige Tech Fleece,Gas Mask,None,
3432,4.5,4680,56.06,https://magiceden.io/item-details/EtD6cCrstW1kEj5kqrxp4qWqDN4rJQ6c6om2xjd3hWGp,Nyanza,Gold,Sleeveless Denim Button Shirt,VR,None,
3466,3.9,4909,60.23,https://magiceden.io/item-details/F7ehaAzZnVzkwcWZQKwk4WPBTC37MJAHZTkMr2h4NUth,Aero Blue,Pink,Multicoloured Tech Fleece,Gas Mask,None,
3470,4.22,4351,61.49,https://magiceden.io/item-details/3vMLBKLiyUJr1uypRQmp573tt987ZRZMxZbBU1Jw4v6y,Blue,Gold,Navy Blue Waistcoat,Gas Mask,None,
3534,5,651,83.29,https://magiceden.io/item-details/5uoCjpEX2PR6iTSBQj9ys6qUvcQd4xhVUZU2gWGNJrd5,Purple,Orange,Green Yellow Button Shirt,Meow,HBD,
3559,10,3924,7.11,https://magiceden.io/item-details/AtWtdpB93s6UgLjvcRwgNE5MjKAL5hmn4sBAEPN8Z39A,Pale Lavender,Orange,Pink Puff Sleeve Shirt,Smile,None,
3579,4.99,1939,73.09,https://magiceden.io/item-details/CYpvTC1b1vFPEPahQZeh2cofNRBjxMN1fgrhiEWWFM2e,Blue,Red,Yellow Blouse,Mask,Frog,
3592,20,247,0,https://magiceden.io/item-details/4YH1vNozqVGT5QUFrNo4wAeJNtSHhc5jWwDSYzKKuLe7,Papaya Whip,Pink,Yellow Cloak,Chicken Sunglasses,Beanie,
3602,6,3559,50.03,https://magiceden.io/item-details/6u3YbAqp3g3RPhSVQTBamBGzbTvQSKFe4qgjAk1ExgEM,Papaya Whip,Purple,Light Brown Strapless Dress,Cat Eye Sunglasses,None,
3625,5.69,828,74.98,https://magiceden.io/item-details/jLzPxZtHqYez2cQxFS27gDaFySM5LCnKvvvev6WzrU9,Pale Lavender,Pink,Sleeveless Grey Button Shirt,Feather Sunglasses,Frog,
3634,5.49,3342,56.86,https://magiceden.io/item-details/7q8PdvPmPRF9HWegc7oMAzxAWnsFkXprrwpHdQM4cD3W,Dark Blue,Gold,Light Grey Tunic,Bear,None,
3642,9.99,905,31.36,https://magiceden.io/item-details/8Jva2mER2SPqtm9CXvf6Y2o9Aab5Vxk2iRhPoPk3kMLb,Rose Pink,Green,Pink Strapped Dress,Cat Eye Sunglasses,Frog,
3643,7.42069,297,61.92,https://magiceden.io/item-details/FkjtCkFs2XV9THpSCg8bi8TVFJYkTVUpkeaBC9xJdMex,Blue,Green,Light Blue Dress,Dancer,HBD,
3679,32,195,0,https://magiceden.io/item-details/14anBQsM2pAK6o8gdztvKewjiBMMk9W9EeoTaJWQW8xs,Papaya Whip,Purple,Yellow Blouse,Twinkle,Blue Hair,
3680,31,157,0,https://magiceden.io/item-details/CnT5xiQ5VXgQWKXeHwefvcR7CkrNMWGjZrj487PSNPJA,Light Cyan,Pink,White Strapped Dress,Heart Shaped Sunglasses,Frog,
3682,10,47,38.12,https://magiceden.io/item-details/GY8URtvsENMNr5Jr8Ct8QRrtgLqFgwGk8SFMw7vv4BEV,Purple,Confetti,Yellow Blouse,Chicken Sunglasses,Picnic,
3702,7,491,64.57,https://magiceden.io/item-details/GRPZ54RaZ9QvGGQz9972KztLXUUpsLM3onwR6BgTe2Va,Aero Blue,Gold,White Strapped Dress,Onigiri Earrings,Witch Hat,
3717,5.8,4240,46.58,https://magiceden.io/item-details/Hg6Z473JRGDjmfAJyrHQ26obUkCXBZTW1sXT3a9d7bkr,Blue,Yellow,Purple Blouse,Smile,None,
3722,8,94,57.75,https://magiceden.io/item-details/6W3oEiCKWG1HYs7SzQAkiE1WFGvHoTB4M5qL2HQ6xxJG,Nyanza,Yellow,Pink Puff Sleeve Shirt,Diva,Cold Day,
3742,10,60,38.02,https://magiceden.io/item-details/9TigDEdpQiaaHiBAcN7veMfD6fMCMcPRBrUBw9u43LV9,Purple,Gold,Yellow Dress,Bear,Witch Hat,
3744,8,100,57.7,https://magiceden.io/item-details/2D5dibUtVyRkEZrMKibmcPQuLtFw2aRg5jpCPPouzGLE,Light Cyan,Red,Sunflower Zip Up Jacket,Meow,Witch Hat,
3746,5.5,256,81.45,https://magiceden.io/item-details/C1qrzGNKHxC56Ptw81GqBouhFpvPLRgrpivZqCQo3pGm,Purple,Purple,Blue Strapped Dress,Twinkle,Blue Hair,
3749,5.2,4053,54.08,https://magiceden.io/item-details/J8tZ2LAnzB4Wo7yv745iJZJBJqq7SVyoWt7cxNT1gqVt,Pale Lavender,Gold,Blue Button Dress,Smile,None,
3752,10,3469,10.75,https://magiceden.io/item-details/4WX2brU4C5ACDkmYRi6PBo1qc3qj1RDnNx5cqq9oAbEi,Pale Lavender,Yellow,Pink Puff Sleeve Shirt,Flower,None,
3768,7,218,66.76,https://magiceden.io/item-details/uFwcRfjgk9Wmhbsq6Ca2rbjGyCpXJmqA6NqSbFke1tN,Nyanza,Rainbow,Pink Puff Sleeve Shirt,Feather Sunglasses,Moon,
3797,10.9,54,29.07,https://magiceden.io/item-details/92vcJ84HEd5RoCXFSmnikrtonCTXXxBAtvFeamoxjuP2,Pink,Blue,Dark Brown Strapped Dress,Lemon Earrings,Beanie,
3818,5.5,1286,73.21,https://magiceden.io/item-details/92C5GXzSEa3dCztijNMvZorhtinej691YWPYMwjrP6FX,Pale Lavender,Gold,Sleeveless Grey Button Shirt,Smile,Cold Day,
3833,7,913,61.2,https://magiceden.io/item-details/8fzdeYKq9eR3wu818DZ1TZps3AvZnvxPzV4FH7CjaJkV,Dark Blue,Green,Pink Strapped Dress,Flower,Hot Day,
3845,27,53,0,https://magiceden.io/item-details/Ag8pq1GwaqBg11336GaDsb5NkpfRV67SNrMCqk5j9wVx,Pink,Confetti,Light Dress,Meow,Axoloti,
3867,8,149,57.31,https://magiceden.io/item-details/AF2TXBNrjGGy7z9JwmQqp356yitWMXjmv7THCuzQSaJs,Aero Blue,Yellow,Pink Cloak,Smoker,Beanie,
3874,8.95,2684,27.53,https://magiceden.io/item-details/61XUa83ecLwpUYkxLkgVT8mnZWB94LgKJafZVuTcUGi8,Papaya Whip,Rainbow,Pink Cloak,Chicken Sunglasses,None,
3876,9.85,55,39.56,https://magiceden.io/item-details/5FE9VnK6eYfd9YxT55ePTzAyHXVpS183sAuosQGoNJ1P,Blue,Confetti,Green Yellow Button Shirt,Twinkle,Beach,
3885,6.79,239,68.69,https://magiceden.io/item-details/8V7DCcFVbZhjYtna7uWdDvjjZB6agcMQMkpnPHCx6ghn,Pale Lavender,Purple,Blue Strapped Dress,Bear,Short Hair,
3893,5.5,4092,50.76,https://magiceden.io/item-details/BvisPQ5TiVF1cor7gneBCPWRp3EvuepP1aP4Fcepp9ef,Dark Blue,Orange,Light Brown Strapped Dress,Mask,None,
3905,14,68,0,https://magiceden.io/item-details/FPEWt3Gje76fyenatDKAmWQp7F7rDnK9KCUv9GaV8gvB,Papaya Whip,Solana,Brown Cardigan,Chicken Sunglasses,Red Hair,
3926,5,1690,74.98,https://magiceden.io/item-details/4FVNHfRndgY7dPSHhSV5S4pzaGgS4J3WymehN4ddWXJX,Purple,Red,Purple Blouse,Cat Eye Sunglasses,Axoloti,
3948,4.5,2550,73.1,https://magiceden.io/item-details/FvBBUfwvPcWUM9GKeSRk2z96SZenP9gfGz8WrDSiFNKh,Dark Blue,Rainbow,Grey Button Shirt,Meow,None,
3961,15,197,0,https://magiceden.io/item-details/C7WWfVYC6JSpi5851tMc2jtNGMFPctC7Z2rtGAc3Cmmc,Purple,Confetti,Heart Robe,Cat Eye Sunglasses,Orange Hair,
3965,4.9,1419,78.15,https://magiceden.io/item-details/FTCrSspD7NXGTCuBCr1ywchtuos9GwYBh5mZUkSRtW7z,Pale Lavender,Purple,Dark Brown Strapped Dress,Mask,Frog,
3968,3.95,3926,67.59,https://magiceden.io/item-details/98cPBcjZp98Dgq8t9eYaVr6ETnXSP1jW9aXYtfQEAStT,Blue,Yellow,Light Grey Tunic,Cat Eye Sunglasses,None,
3983,4.99,1007,80.54,https://magiceden.io/item-details/iYWNMhXU1ztMhVrezYeaqBUowy3SE8TLyVPS6sy5PGq,Light Cyan,Red,Yellow Blazer Jacket,Onigiri Earrings,Orange Hair,
4098,6.9696969,201,67.2,https://magiceden.io/item-details/8PxVg2bPzpVZJ3LPeNQpjJv9iFFKWveVcRSHDXvKEgnG,Pink,Pink,White Dress,Twinkle,Moon,
4101,11,52,28.08,https://magiceden.io/item-details/6yhHhg414XTS3amo3M4yBXFSowc3ng8wz5XxUxiAK3su,Light Cyan,Gold,Yellow Dress,Diva,Unicorn,
4130,8,3265,32.38,https://magiceden.io/item-details/9L1CSBHeL2Y5ypjDCeW9EiLuB86Va7QAXfrqgCN9Ts8W,Pale Lavender,Pink,Denim Button Shirt,Tongue Out,None,
4138,5,1411,77.21,https://magiceden.io/item-details/7VRCHCCH7ZPUpnTyBX9yiCShcsKHwARR5L3vsy3BfMaq,Light Cyan,Rainbow,Light Grey Tunic,HBD,HBD,
4147,7.99,3378,31.58,https://magiceden.io/item-details/63WbEZU3LmEqgGHWrNr9b4ndF6w1qPuQEEcVwK6nMVCT,Rose Pink,Purple,Yellow Blouse,Lollipop,None,
4151,8,317,55.96,https://magiceden.io/item-details/6WaroCLcBCumFAStLoYDhaHSnX8JTFok1V1ceu5abCF9,Pink,Red,Yellow Cloak,Meow,Picnic,
4174,9,3290,22.18,https://magiceden.io/item-details/656xcyJd1kgaoeig1CkrJVw4PVUoH1Ct4mHdedRbNA51,Aero Blue,Blue,Brown Puff Sleeve Dress,Heart Shaped Sunglasses,None,
4234,6,636,73.41,https://magiceden.io/item-details/AejCB4Cvj9EtWvmvAdacumMpUpSn5WfE5jTVj4i5Lbt7,Pale Lavender,Orange,Beige Sweater Vest,Feather Sunglasses,Moon,
4271,21.5,13,0,https://magiceden.io/item-details/BCjXPLMUha769tXw2RoDBHfBR6meSR6ojeBtZuLEoJki,Dark Blue,Solana,Light Grey Tunic,Dancer,Frog,
4304,35,7,0,https://magiceden.io/item-details/7ewAB27wwaJk9xbhSZ8oNLAD8ZnSPwc9jb9AVimvzoXP,Dark Blue,Rainbow,Red Overalls And TShirt,Heart Shaped Sunglasses,Frog,
4322,5,858,81.64,https://magiceden.io/item-details/3paQNK9mjWtth7cBfAG28WQgkAvvkN78yX4P7VWzrnwD,Purple,Green,Green Yellow Button Shirt,Mask,Witch Hat,
4351,7.4,533,60.24,https://magiceden.io/item-details/873HhZbfgg9drzrdxbzA9DaTXkWvVW8tc4KgJ7BGSiQm,Pale Lavender,Red,Dark Brown Strapped Dress,Smile,Unicorn,
4365,4,940,90.98,https://magiceden.io/item-details/ADH3bhVSpSUKbCeb6uCSd6PZ2Mg2mjUSsyJNgvPiqs8u,Blue,Purple,Light Blue Tech Fleece,Cat Eye Sunglasses,Blue Hair,
4399,8,838,51.8,https://magiceden.io/item-details/J25o7aUHQn9Qi1p8P6GgzaN2uXJD9SRRC8aUi1XiQW9X,Purple,Orange,White Strapped Dress,Flower,Rabbit,
4401,6.44,276,71.89,https://magiceden.io/item-details/Hh2whtC1M53wjVNZ7BoXmUgJfibeA76YY1LoBXFGuUKB,Purple,Red,Blue Strapped Dress,Twinkle,Moon,
4410,6,3617,49.56,https://magiceden.io/item-details/HUGYnJzzMciwDtGWiHJLqiSK7Hs4kbBmgYQn6QKfhvKC,Papaya Whip,Yellow,Blue Button Dress,HBD,None,
4425,6.8,202,68.88,https://magiceden.io/item-details/knxmSQWXzvVqBZvLjZHJURUR7SmmL1JZUFjYQr1wa1y,Aero Blue,Blue,Blue Green Button Shirt,Twinkle,Beanie,
4431,7.3,233,63.64,https://magiceden.io/item-details/7CDFCKcx9SYyvb5LhHCGE5AkLL3jwPiCjq3FVmZQyCzh,Dark Blue,Blue,White Strapped Dress,Wink,Frog,
4466,8,146,57.33,https://magiceden.io/item-details/87Znz3HT5a7t6TSSyYQMnWw3vC3q6zKxXWwcRNr1DCDx,Blue,Red,Beige Sweater Vest,Dancer,HBD,
4483,6,1412,67.2,https://magiceden.io/item-details/7RhfUoRdXoVDSyXcy9BQznCxpp8R5hzAn8UQsMkf2p8M,Rose Pink,Blue,Beige Sweater Vest,Smile,Moon,
4488,12,278,16.28,https://magiceden.io/item-details/7MazGda6JHiuktPz3V7Zez5abH7ea195EsJeM5135ver,Aero Blue,Gold,Yellow Dress,Chicken Sunglasses,Orange Hair,
4498,5.5,199,81.91,https://magiceden.io/item-details/GwrXKAKWGq1cu2SVrEGJANe1TnzyScT4TxtfUwZJT9YX,Dark Blue,Red,Yellow Dress,Twinkle,Picnic,
4511,4.5,1208,83.84,https://magiceden.io/item-details/DitMJVwKbS65TmVgnxG2XwD13AEcYfZeKmGEv8wqxzCJ,Pink,Blue,Quilted Sweater,Feather Sunglasses,Orange Hair,
4514,4.9,703,83.88,https://magiceden.io/item-details/Gvdp6fX9apjpARNeg2DzRkhQnLrU31ezp24bi9EHLdEs,Nyanza,Green,Light Brown Strapless Dress,Flower,Posh Pink Hair,
4516,23.99,48,0,https://magiceden.io/item-details/GemJAPyh2GArvA9eG9LS5SYvA2c9mm4EEAFPvCo1Rr7z,Blue,Rainbow,Light Blue Dress,Celebrity,Rabbit,
4525,5,492,84.56,https://magiceden.io/item-details/6HAHqK3UFcTrJ7VYTAztdE6LAMivNmPHdVVyfYtk7jpM,Blue,Solana,Blue Button Dress,Mask,Posh Pink Hair,
4537,8,361,55.61,https://magiceden.io/item-details/GsiYq1zedYdegSwtPA9nP4KffieoZJ1EEE2aoPE53AXb,Nyanza,Blue,Quilted Sweater,Wink,Axoloti,
4548,5.5,3948,51.92,https://magiceden.io/item-details/2cahJozUEtYewT5vrKqv4Fy4uXQLQJLTWHmdku1AeJ4V,Dark Blue,Blue,Pink Cloak,HBD,None,
4563,15,46,0,https://magiceden.io/item-details/B9bc2vkJUusFw23MhbkQ9gdwsRfMEeftkF2noyhAtnXX,Papaya Whip,Confetti,White Dress,Meow,Moon,
4576,5.67,590,77.08,https://magiceden.io/item-details/285keLZcgDtdQzns7mg8K9pWDeCBdDM9xfnbDrknGweY,Pink,Red,Light Blue Shirt,Celebrity,HBD,
4581,5.99,3348,51.82,https://magiceden.io/item-details/CHQk7MvZxFJsPDTPY3wZitFUj3Kd91DrsJapU28fbkYt,Blue,Green,Brown Puff Sleeve Dress,Celebrity,None,
4603,10,381,35.45,https://magiceden.io/item-details/5vtvpywcg7mZ66LeyGegCgvjQoZDJidr84v51RwZGLfX,Rose Pink,Orange,Orange Sleeveless Puff Dress,Mask,Frog,
4606,6.66,434,68.43,https://magiceden.io/item-details/T3dx4M5qZYtcdpDC2GGJPupQhHHpTwSNaFNXQTKeioy,Pale Lavender,Red,Blue Strapped Dress,Lollipop,Beach,
4619,6,2480,58.66,https://magiceden.io/item-details/D9NfjFBPRYMojETbBUtzvPYQTrs38Cuw87YdZAwNXrxA,Rose Pink,Red,Purple Blouse,Mask,Axoloti,
4627,12.5,3548,0,https://magiceden.io/item-details/Gotc3btLLaTaBYSmaR59woGTrBE1YCDaBSrSH9vdrXYg,Pale Lavender,Pink,Blue Button Dress,Onigiri Earrings,None,
4628,7,115,67.58,https://magiceden.io/item-details/8cTsPQ4CyKiLDYwRgxs5GN68FdT7CtDLgrkjVk9BExvb,Rose Pink,Blue,Blue Green Button Shirt,Lemon Earrings,Short Hair,
4629,7.5,668,58.16,https://magiceden.io/item-details/BG5cPafKgfyu4E8bwukTKd5NXH1cuhPQ854SwVvHgyyJ,Aero Blue,Gold,Dark Brown Strapped Dress,Feather Sunglasses,Picnic,
4649,35,8,0,https://magiceden.io/item-details/DRCqZmaGpaQ1us4eifjEsHJDaRZQxvd6v1UmobQJygXk,Pink,Rainbow,Light Blue Tech Fleece,Dancer,Rabbit,
4654,10,3365,11.58,https://magiceden.io/item-details/EKDjKZpyRtnjgga8DkuHXfeFk5mw4RpZ85Vj9Wm7UvY1,Nyanza,Pink,Red Overalls And TShirt,Feather Sunglasses,None,
4664,15,3383,0,https://magiceden.io/item-details/6JgKJV9qgqaAJaqCfQVasFxZc1nTAPqaSqv788n8TU25,Pink,Red,Yellow Cloak,Chicken Sunglasses,None,
4667,12,226,16.69,https://magiceden.io/item-details/AEvzxciTjc4GrTjSsB1dWeFk25AswcG6K88UzFFUXKmA,Papaya Whip,Gold,Light Grey Tunic,Heart Shaped Sunglasses,Frog,
4676,4.5,1128,84.48,https://magiceden.io/item-details/D1vtJDSqFT62MvvRAB3uSZfpkUdRFLsd2L1TW4ubyDYC,Papaya Whip,Gold,Green Yellow Button Shirt,Flower,Beach,
4689,5.95,1536,66.71,https://magiceden.io/item-details/9TMFJ6kHBddKbni6geYgLnaVWCFvpahPUKLXN5vgiMTE,Pink,Blue,Grey Button Shirt,Mask,Moon,
4700,5,3980,56.66,https://magiceden.io/item-details/6Qyub18Py5VkvGcnstp7yrQxmRCQVWWJvHYNh213iCzT,Rose Pink,Green,Yellow Cloak,Earpods,None,
4718,3.85,3711,70.31,https://magiceden.io/item-details/EjQMiHf6MaRq4iiczbHg2m13CiwdRi3ovVJxzSKXKr7w,Blue,Orange,Green Yellow Button Shirt,Bread,None,
4725,4.5,3698,63.92,https://magiceden.io/item-details/HAR9xwShtSfohrZAPkVSS3TFjn5akzCNdZow14nKC5rP,Aero Blue,Yellow,Grey Button Shirt,Earpods,None,
4734,4.6,3585,63.82,https://magiceden.io/item-details/B8e5dS4QwTocieGerzQFQmK8a2Xr8tww5xvvcMM5C21E,Nyanza,Purple,Sleeveless Grey Button Shirt,Bread,None,
4737,6.99,4951,28.99,https://magiceden.io/item-details/78HaUCoZDFRwkSpEYvikcwkhiM9zVhfDehX2BL1PvpkB,Aero Blue,Blue,Starship Suit,Bread,None,
4759,3.89,4029,67.37,https://magiceden.io/item-details/5t6F7avkECDsYzGW3cRbGD87SMPcxtPJvBfZenPAmnW5,Pale Lavender,Yellow,Light Grey Tunic,Earpods,None,
4785,12.5,3463,0,https://magiceden.io/item-details/3ZvKAYaUekGUiLm9Bvm2syZoPHJwjs8tuvJJ2Mn2UyGs,Dark Blue,Blue,Pink Sweater With Stripped Scarf,Bread,None,
4787,4.95,3329,62.37,https://magiceden.io/item-details/C5Zyf9NuUiA3ubp1S6Cg5FTbpyLiJB77nHxigGvJWHxE,Purple,Rainbow,Pink Sweater With Stripped Scarf,Earpods,None,
4868,7.99,3495,30.64,https://magiceden.io/item-details/GjVe4Y6cSmbLvKBWF2w8Sq9wxfikaHCuPd4PfCdGRg4H,Aero Blue,Purple,Denim Button Shirt,Bread,None,
4892,4,3534,70.23,https://magiceden.io/item-details/4tJARhAq4ewN6p6dEJPaP133T3EnWMtZsjHrqu4jYuaX,Purple,Purple,Beige Sweater Vest,Bread,None,
4922,5,3627,59.48,https://magiceden.io/item-details/ASu6HwpvrEghFaLGB3TPaWPb3UeyvxovDDYRBikSqr8W,Purple,Gold,Pink Strapped Dress,Bread,None,
4941,5.35,3746,55.03,https://magiceden.io/item-details/5ewexr7Nxz98cHnPPXhCCEumDZY2x8zk8yu7U9YMGDgY,Nyanza,Red,Grey Button Shirt,Bread,None,
4963,4.69,3393,64.46,https://magiceden.io/item-details/AR1PCVjBfPTQotMQELKC422Evb69vkxTn7c5iG2uc9iE,Blue,Confetti,Sleeveless Grey Button Shirt,Bread,None,
4997,5.55,3852,52.18,https://magiceden.io/item-details/376rmYtQ6M6Ta9oXdXnBwBiJLhzQoyfkbEHWW3nsHZi6,Light Cyan,Red,White Dress,Bread,None,
Ballusa,100,4,0,https://magiceden.io/item-details/CqBX6c9k3zW5bJfycbWJ5mK9a8H4WyonZVf6TxCayb1G,,,,,,Ballusa
1755,111,566,0,https://solanart.io/search/?token=w1VSu5nVVsTsUXT8ckpH9VsuTuUJtCT2yp5AfYr6Ei4,Purple,Confetti,Striped Sweater With Buttons,Cool,Ice Cream,
3284,5.5,4890,44.38,https://solanart.io/search/?token=B4NByWB2nUvQA6XHDyYR8Nc1ayjUtvfTsjMR6TsDxQfX,Aero Blue,Orange,Black Overalls,Gas Mask,None,
3932,4.5,809,87.03,https://solanart.io/search/?token=CMSVcX5vQusG28jhhzrayH6S56E9h1Ec29jZ1S922wDg,Dark Blue,Yellow,Blue Green Button Shirt,Feather Sunglasses,Beanie,
4181,50,1964,0,https://solanart.io/search/?token=8ELKawsFSri8MF1Tk2BK68ZnnNQyK62ymiYcoi8vGaGb,Rose Pink,Green,Yellow Blazer Jacket,Smile,Frog,
