id,price,moonRank,ðŸ’Ž score (%),storeURL,Armor,Background,Chain,Eyes,Innate Virtue,Mouth,Over Head,Rebel,Skin,Special
52,9,4041,60.46,https://solanart.io/search/?token=9ZoMds5ouezA4oj5P1TAzunoyb2FsW3puPMVV3HLKGH3,None,Enchanted Forest,Silver Cuban,Blue Force,Supreme Intelligence,Reptilian Tongue,Degen Hat,,Yellow Energy,
68,20,1916,0,https://solanart.io/search/?token=DbnUoX9zy8R7Lz2T7j4WahFt8ehQzyZskN7igaeUUkvL,Crystals Collector,Green,None,Cyclop,Supreme Intelligence,Rude Words,Safari Hat,,Scaly Albino,
70,9.89,3263,55.09,https://solanart.io/search/?token=6LuWzVyaycTe1UcEHyTWVFoP83gViWS5u1BEHWLkFfpG,Unchained,Raging Volcano,None,Neon Shades,Annihilating Power,Monster,Outlaw Hat,,Muddy,
94,12,3848,31.33,https://solanart.io/search/?token=5r23Vc556K74TFMD7bDMUf1p3CMRri2HBXEYxLLYSvgr,Bronze Knight,Purple,None,Analysis,Annihilating Power,Pink Iced Out Grillz,None,,Scaly,
99,45,5779,0,https://solanart.io/search/?token=13DkEeyDb6MXBJfX1LygwahGuEV3otfr9ab1xCzYGsoH,None,Blue,None,Blue Force,Annihilating Power,Rude Tongue,Sombrero,,Jelly Skelly,
121,10.2,5278,42.85,https://solanart.io/search/?token=Z7MTqfAJj6ToEuiS3XCeZ4vLsNfCGW56KbLmCSqNbpP,Bronze Knight,Black,None,ThugLife Shades,Annihilating Power,Crude Ogre,Degen Hat,,Glacial Ice,
142,10,5267,44.9,https://solanart.io/search/?token=AwGDC9oAvqQ7cbuvbCpqx8tA7zzPt4h7RR8zjSGk3cMp,None,Purple,Golem Head,Red Force,Annihilating Power,Bushy Beard,Safari Hat,,Muddy,
154,40,3076,0,https://solanart.io/search/?token=8zGccbtznU1akYei2da2aKswJ3KBTNH2tbP4drXgbcWG,Red Spartan,Purple,None,Purple Force,Annihilating Power,Sabertooth,Buccaneer Hat,,Scaly,
164,15,546,16.3,https://solanart.io/search/?token=J77TWjzWE88SnJLc34sYrsPiuXsiYwGidHDogqJhBq1N,Unchained,Terrifying Grotto,GM,None,Supreme Intelligence,Volcano Melter,Skeleton Mask,,Purple Energy,
207,9,6002,51.57,https://solanart.io/search/?token=Cz2REWVcTbEa1dGpV2ZoUGQQxSgvThRFysXGAbPJp7S,None,Yellow,Golem Head,None,Supreme Intelligence,Cigarette,Skeleton Mask,,White Quartz,
242,25,1953,0,https://solanart.io/search/?token=eAHSyMfwctSjfTi93izXwQbCJaDYtrc5c1FWd5H9Cza,None,Green Pillars,Rude OG,White Force,Unbreakable Defense,Sabertooth,Sombrero,,Lava,
255,7.9,2486,78.51,https://solanart.io/search/?token=CfQCfQFwNBBMhaJhJeUaKFJ3k5kbdcTY6Uk7gszCCyco,Crystals Collector,Peach,Sherlock O'Clock,Green Force,Supreme Intelligence,Banana,Buccaneer Hat,,Lava,
258,9.69,1175,66.55,https://solanart.io/search/?token=GGNepmj5qKpQhGCbsMdAUXkAWTyt5m1rqPQwdvQ7jbYW,Solana Bulletproof Vest,Purple,Skull Necklace,Lost Eye Patch,Annihilating Power,Banana,Sombrero,,Grey Marble,
267,7.99,7205,56.21,https://solanart.io/search/?token=2H8VrCmB6CHjvhtoc9chpfGtnJyTd9xrUw969Er4vahP,None,Raging Volcano,None,Blue Force,Annihilating Power,Emerald Smasher Teeth,Buccaneer Hat,,Grey Marble,
293,11,5432,34.15,https://solanart.io/search/?token=29xbvHJJvF87G4UgA9g52CYwGSuqgoKqaH41f9zy1vRJ,None,Yellow,Skull Necklace,Red Force,Supreme Intelligence,Reptilian Tongue,Safari Hat,,Muddy,
415,20,5310,0,https://solanart.io/search/?token=7Zo12zANMDx9TEPF8qRULK7UEz8pDGg6vvT5tdZEV27M,Skeleton,Purple,None,Coins,Supreme Intelligence,Cigarette,Red Stones Mohican,,Mossy,
421,10,5881,42.11,https://solanart.io/search/?token=7niqCLvNr6J4snXFYotqQKpcjwS9j3J2TSQAskQctuW,Convicted,Terrifying Grotto,None,Green Force,Unbreakable Defense,Banana,Blue Crystal,,Mossy,
429,6.9,4216,80.66,https://solanart.io/search/?token=GyvxTL5HJFjCWpMfPj9wEGwZ8vKwLbcsN66VucpF8mwu,None,Endless Grove,Sherlock O'Clock,ThugLife Shades,Unbreakable Defense,Crude Ogre,Safari Hat,,Yellow Energy,
444,24,2265,0,https://solanart.io/search/?token=ALysV2iu1JdRy49jaUS9BGjH8LeHw8yT7UwxBkGCfs7o,Crystals Collector,Peach,Silver Cuban,Hijacked,Annihilating Power,Rude Tongue,Emerald Spine,,Scaly,
460,13.8,890,26.74,https://solanart.io/search/?token=21mAWg3juP1nPovF5f8m4ryg8orbsZpCod7Vc88wkjAu,Cyborg,Yellow,Silver Cuban,White Force,Annihilating Power,Emerald Smasher Teeth,Degen Hat,,White Quartz,
487,13,1585,31.59,https://solanart.io/search/?token=3A7LtntQQisc27Xid1mT9zLEY87jixAadGdzMLg2bAqy,Crystals Collector,Black,GM,White Force,Unbreakable Defense,Volcano Melter,Halo,,Base,
489,8,5433,64.15,https://solanart.io/search/?token=G1G2GK3Q5KzbdEqmJc9YMxkHiKQFU2WF4FLM2RuyuCHc,War Belt,Black,None,ThugLife Shades,Annihilating Power,Sabertooth,Degen Hat,,Muddy,
494,10,4177,49.84,https://solanart.io/search/?token=64rqodCMManx6FeEVfBQaWpRAwhfpLnnSvkEuNN9FMgK,Crystals Collector,Yellow,None,Green Force,Annihilating Power,24k Grillz,Blue Crystal,,Black Obsidian,
495,40,1562,0,https://solanart.io/search/?token=UUx9p76G1a1RFK7jMwfKUY6pGbJZZTDCTktrXFfamYi,Bullet Belt,Raging Volcano,None,None,Supreme Intelligence,None,Ice Beast Mask,,Flubber,
515,10,6255,40.42,https://solanart.io/search/?token=Nunky18VMYwHuqPKuKq4A9ie9EDRe25QYx9QmKWevj3,Bullet Belt,Black,None,None,Annihilating Power,Crude Ogre,Demon Helmet,,Red Rock,
569,6.878,7505,65.97,https://solanart.io/search/?token=5UoUkJ5cgM4u75wF1wmhg5BJsY2VwfTXFVik5WGxEnjQ,None,Dangerous Laboratory,None,Coins,Supreme Intelligence,Banana,Bird Family,,Mossy,
596,30,2575,0,https://solanart.io/search/?token=4rr6fXyDg8YBRrw4FmNpZgu5MtN3EupdWYxutjzwzjU9,Inner Reactor,Grey,None,Purple Force,Annihilating Power,Bubble Gum,Arachnid Colony,,Black Obsidian,
607,20,2740,0,https://solanart.io/search/?token=2YnjL3KkiXvikgKVSiohjSyeP7pYSey75FKAxiKA9dDV,None,Crystalline Cave,Skull Necklace,Purple Force,Annihilating Power,Human Teeth,Halo,,Purple Energy,
614,36.700001,791,0,https://solanart.io/search/?token=5du6h5uHsCwTp3Qd1gnmYMhsgVwgEDbkEjr45eFQsyvo,Unchained,Raging Volcano,Tribal Necklace,White Force,Unbreakable Defense,Crude Ogre,Arachnid Colony,,Emerald,
624,8.2,3476,71.02,https://solanart.io/search/?token=APYHSQKf6p7UhQ7nFUuGE2Auomxc3egMZN9YikpmpBCk,Solana Bulletproof Vest,Unexplored Mine,None,None,Unbreakable Defense,Banana,Skeleton Mask,,Red Rock,
654,10,1363,62.6,https://solanart.io/search/?token=DaRTNDaBV2dimzkYDFcwEj4ax9VdEELbhZtdtPFRif75,Silver Knight,Dangerous Laboratory,Silver Cuban,Hijacked,Unbreakable Defense,Bushy Beard,Red Stones Mohican,,Mossy,
706,49,311,0,https://solanart.io/search/?token=CZwMZn6XnEnExCeKkQvHmeh37bmVJoRX6GKwvArUc6fZ,Solana Bulletproof Vest,Green,Tribal Necklace,Red Force,Unbreakable Defense,Human Teeth,Bird Family,,Gold,
731,48,455,0,https://solanart.io/search/?token=6vJE6sTNWbVNhbCF2qgCtq6A3Bwq1emAByqMfCo2Dp6W,Crystals Collector,Raging Volcano,Tribal Necklace,None,Supreme Intelligence,None,Ice Beast Mask,,White Quartz,
735,8.5,7690,48.91,https://solanart.io/search/?token=9qXQVxSQr8mm7WeSWhqud778naruVwGRrWW7meJzUBWS,None,Dangerous Laboratory,None,Green Force,Unbreakable Defense,Tartar Dentures,Safari Hat,,Glacial Ice,
768,25,3630,0,https://solanart.io/search/?token=GxQv5oRDKAyVxkb3te5EufExs4Lg5oNDisXpgDMnAgcF,None,Blue,Rainbow Cuban,Analysis,Supreme Intelligence,Bloodthirsty Teeth,None,,Black Obsidian,
788,10,2773,56.21,https://solanart.io/search/?token=Dg8L7zfc5UZ5bHNiAotUX3ZFAfov3KbxG2RzBoGjyjhk,None,Solana,Boxing Gloves,Subatomic Goggles,Unbreakable Defense,Volcano Melter,Arachnid Colony,,Base,
792,14,8031,0,https://solanart.io/search/?token=3GxWoNVQjDZc68aYN3UHksweeH5tsKqDEhELWGv2rcHi,None,Purple,None,Blue Force,Supreme Intelligence,Rude Tongue,Sombrero,,Red Rock,
794,13.5,2034,24.56,https://solanart.io/search/?token=8pdHazwUtfRACsPysUSE964aAQkPHv6TheSKHvH8YceY,Bullet Belt,Raging Volcano,Skull Necklace,None,Supreme Intelligence,Volcano Melter,Blue Crystal,,Grey Marble,
798,9.2,3361,61.54,https://solanart.io/search/?token=Gce1nL8Np7Ty2TXf3VYxbjKjNyNaW2CP6A75Zmwf6DzS,Unchained,Terrifying Grotto,None,Lost Eye Patch,Supreme Intelligence,Pink Iced Out Grillz,Bird Family,,Mossy,
819,9.99,1447,62.32,https://solanart.io/search/?token=EQbCdskNnSGtyDZEfiKVWChVBzrfM7DcDebxth8xKS6B,Bullet Belt,Blue,Boxing Gloves,3D Glasses,Unbreakable Defense,Sparse Teeth,Halo,,Lava,
830,39,1999,0,https://solanart.io/search/?token=FBfzaZKhFyvjcaGJ48WYXbZZWQWiJDNutbSfSSnwMueK,Silver Knight,Solana,None,None,Annihilating Power,None,Ice Beast Mask,,Scaly,
837,35,287,0,https://solanart.io/search/?token=GDojgbSy1ob14fL3BBGzmRPuzAfsddMoUZbsPFAd7pUw,War Belt,Peach,Sherlock O'Clock,Blue Force,Supreme Intelligence,Reptilian Tongue,Solana Bucket Hat,,Rainbow,
843,9,969,74.39,https://solanart.io/search/?token=GVowkQgLRKTs746xRqgBQnP3amVix7THT9oYnbp8hEaX,Golden Knight,Black,Golem Head,Green Force,Supreme Intelligence,Volcano Melter,Sombrero,,Glacial Ice,
846,8.45,1512,77.42,https://solanart.io/search/?token=6Wr8SjKpwduWvqkyV1YUU4EngzB4a5k58zagBBn7noYS,Silver Knight,Aquamarina,Sherlock O'Clock,ThugLife Shades,Unbreakable Defense,Reptilian Tongue,Bird Family,,White Quartz,
884,32.5,268,0,https://solanart.io/search/?token=GQ8tK1HPc8zjdyfP4573YhwXjBeNQ9disXuvLJexwf7t,Silver Knight,Crystalline Cave,Padlock,Neon Shades,Annihilating Power,Bubble Gum,None,,Glacial Ice,
895,12,6235,20.51,https://solanart.io/search/?token=DJ4bAvywoJLzZasRTxq7eiYKbeq8Lu8ZEqSbuLaDSgNv,Bullet Belt,Raging Volcano,None,None,Annihilating Power,Sparse Teeth,Demon Helmet,,Muddy,
921,12,1861,40.34,https://solanart.io/search/?token=FYfCfUDZYLCXvoiSaJgd8ftoMFukBziNbecafhQ8CDuC,War Belt,Aquamarina,Sherlock O'Clock,3D Glasses,Annihilating Power,Crude Ogre,None,,Yellow Energy,
923,12,503,46.5,https://solanart.io/search/?token=KfjFhwj9RUJWVuzV96Fn7svnLc3kj6UvAdmRSR8JnU4,War Belt,Aquamarina,Padlock,Hijacked,Annihilating Power,Monster,Bird Family,,Base,
935,12,3619,32.37,https://solanart.io/search/?token=EtJpyDpQTytLojfuacUpsxJhRK6XZquUaxYUbwGBHYew,Convicted,Black,None,Cyclop,Supreme Intelligence,Monster,Solana Bucket Hat,,Mossy,
946,25,540,0,https://solanart.io/search/?token=8WMWowBvvCrtQMo1zwnMW1bRz8Es1VA2vEPPnyvVwSxj,Primitive Piercing,Yellow,6ix9ine Iced Out,Purple Force,Supreme Intelligence,Sparse Teeth,Bird Family,,Scaly,
948,25,739,0,https://solanart.io/search/?token=AbQqrj6xufggj8A3DtVPYhStNLt5zTVivHUAiTDcQTXu,Bullet Belt,Endless Grove,Boxing Gloves,Hijacked,Annihilating Power,Crude Ogre,Red Stones Mohican,,Emerald,
984,33,248,0,https://solanart.io/search/?token=EBqjhLe5WxHguXdBmJxrWUBwi38eE6RgNAQaySiD9car,Crystals Collector,Peach,Rainbow Cuban,Analysis,Annihilating Power,Crude Ogre,Halo,,Purple Energy,
991,12,1145,43.59,https://solanart.io/search/?token=HHcnZw83T48zWLDnWvvQSRZJ3QApUGgwxFRvBs9QWVqg,Bullet Belt,Crystalline Cave,Tribal Necklace,Purple Force,Supreme Intelligence,Emerald Smasher Teeth,Halo,,Mossy,
1017,15,3910,1.05,https://solanart.io/search/?token=6yPozDB87WfsaY2KHV8mBQ5Xy6ognnEJTvyVLWeGZF4j,Silver Knight,Aquamarina,None,Hijacked,Supreme Intelligence,Bloodthirsty Teeth,Degen Hat,,Scaly Albino,
1054,420.690002,16,0,https://solanart.io/search/?token=FvtgksAZeU1nW7tGfrRuTouVD7sMHNEu8ZKtfG6WB8wp,War Belt,Crystalline Cave,Solana Iced Out,Lost Eye Patch,Supreme Intelligence,6ixn9ne Rainbow Grillz,Safari Hat,,Scaly Albino,
1065,50,1335,0,https://solanart.io/search/?token=GM64rUNXDyU5ap1WUemDmpJ29eLPxHRNMyCyD1hM5zeM,Bullet Belt,Black,GM,Green Force,Supreme Intelligence,Human Teeth,Red Stones Mohican,,Purple Energy,
1079,18.9,3009,0,https://solanart.io/search/?token=5ErG3C8cibzGbcBXv5iS56hFKHDy1hM8jjB6teYafczg,Convicted,Enchanted Forest,None,Subatomic Goggles,Supreme Intelligence,Sabertooth,Blue Crystal,,Purple Energy,
1082,6.9,8705,60.31,https://solanart.io/search/?token=5kSLiio1th3Yg8VoF5gaezRPxKMMTh9zwpnQuX1fxfo3,None,Yellow,None,Red Force,Supreme Intelligence,Tartar Dentures,Safari Hat,,Grey Marble,
1088,60,1914,0,https://solanart.io/search/?token=AWqn1JFULCNVn1tGQk5PGZDSYJaujfhN6GcP9qRMRVXe,Silver Knight,Solana,None,None,Supreme Intelligence,None,Ice Beast Mask,,Yellow Energy,
1096,16.5,745,0.4,https://solanart.io/search/?token=BBYEQgBRYwkB7HQFqBKihhwb8sEJYCRG1AqJBBY6izzY,RG Brawl,Aquamarina,GM,Hijacked,Annihilating Power,Cigarette,Sombrero,,Grey Marble,
1115,12,2035,39.55,https://solanart.io/search/?token=3CWSqoK5S3ASBgmuPk6AQxb34UZQC79x8PkkVzc3jYQf,None,Raging Volcano,Padlock,Cyclop,Supreme Intelligence,Crude Ogre,Outlaw Hat,,Flubber,
1131,25,6506,0,https://solanart.io/search/?token=7HZLE4m2ndTMrUuVShyWKhdfj5C3sQNQxwbFGvz7fbzJ,None,Aquamarina,None,ThugLife Shades,Annihilating Power,Cigarette,Elder Mushroom Colony,,Solana Energy,
1139,10,2736,56.37,https://solanart.io/search/?token=DdFhZcqhBm7LYEi33N2xmjCXN7SnGwajfNX25MTNpDqv,Bullet Belt,Crystalline Cave,None,Green Force,Annihilating Power,Bubble Gum,Crown,,Scaly,
1176,9,6069,51.26,https://solanart.io/search/?token=3eF9UTU3t3PKmmCutVLNxcWpLjHWZtAa8nK2tu3soNfm,None,Unexplored Mine,None,3D Glasses,Supreme Intelligence,Emerald Smasher Teeth,Crown,,Muddy,
1184,37.91,232,0,https://solanart.io/search/?token=2HaDWSWmEhCv9tBygt4eDNYnMpBfKEdjQrd8NnutT5mg,Red Spartan,Green Pillars,Silver Cuban,Cyclop,Annihilating Power,Pink Iced Out Grillz,Emerald Spine,,Black Obsidian,
1210,16,226,7.76,https://solanart.io/search/?token=8DmMRRu9niogGPqEdR1BuA1si63KG43uTyRSiu13St5S,Skeleton,Raging Volcano,Padlock,Lost Eye Patch,Supreme Intelligence,Monster,Sombrero,,Mossy,
1211,12,614,46,https://solanart.io/search/?token=F54mzhVYCP3fw9e9MjJsDNfeHB2Dgq1W9oGLJWbRuoj1,Solana Bulletproof Vest,Green,Golem Head,ThugLife Shades,Unbreakable Defense,6ixn9ne Rainbow Grillz,None,,Black Obsidian,
1231,15,448,16.75,https://solanart.io/search/?token=5MGjyqbDX5FVyHE1SthTM92BZpABi221JUcF5tgRax7k,Unchained,Peach,Golem Head,White Force,Unbreakable Defense,Solana Bandana,Halo,,Mossy,
1339,169,2456,0,https://solanart.io/search/?token=DvgBmj9ig3j5aZHHiWyH8ryHtFsxoGsu9yZEbm4HZXdC,None,Yellow,Solana Iced Out,ThugLife Shades,Annihilating Power,Sabertooth,Safari Hat,,Base,
1342,8.5,2606,71.96,https://solanart.io/search/?token=FSV481Jra8sFvgsFRRvdpnmKu42ta99LfbaB2enujWdb,Golden Knight,Solana,None,3D Glasses,Unbreakable Defense,Volcano Melter,Bird Family,,Red Rock,
1401,28,5160,0,https://solanart.io/search/?token=8C4Y4ZSxT4hccDsZwu4gfCZZSjgQn4htf8AZsJdUXhfn,None,Yellow,None,Laser Beams,Annihilating Power,Bloodthirsty Teeth,Emerald Spine,,Scaly Albino,
1416,10,7296,35.7,https://solanart.io/search/?token=Fp2FK7jQEYZy97RCfQJyqED2BbVWdHUpygeKzfD3dN49,None,Green Pillars,None,ThugLife Shades,Annihilating Power,Tartar Dentures,Arachnid Colony,,Grey Marble,
1419,15,1517,11.9,https://solanart.io/search/?token=6nk7pC4F12AtPPYii1tQtz9CiAtJiJRd5LQuYP84TJ9S,War Belt,Purple,6ix9ine Iced Out,None,Unbreakable Defense,Rude Tongue,Skeleton Mask,,Lava,
1514,1450,3060,0,https://solanart.io/search/?token=5j18PrU66yq4YhAcnJhJZKwcM2Bu71D5zLr28GpEDhBA,None,Unexplored Mine,Rainbow Cuban,Lost Eye Patch,Supreme Intelligence,Rude Tongue,Elder Mushroom Colony,,Black Obsidian,
1527,8,3405,73.34,https://solanart.io/search/?token=CxeS47dsoSPPLZ2zq1vfToqufQfEPS8rwxzFgNxYXsvG,Convicted,Enchanted Forest,None,Blue Force,Annihilating Power,Mustache,Emerald Spine,,Scaly Albino,
1529,8.49,3320,68.83,https://solanart.io/search/?token=4appb89nHbGJbyTSTeQWC9sp3xP3tiQHvhd5P52G4J6X,None,Peach,Boxing Gloves,3D Glasses,Unbreakable Defense,Emerald Smasher Teeth,Outlaw Hat,,Glacial Ice,
1537,12,4330,29.15,https://solanart.io/search/?token=7gLNt2Tn9xYPsgmhczMb9AyRZV4SBvaxmymQLrtjFKT3,Golden Knight,Endless Grove,None,Purple Force,Supreme Intelligence,Crude Ogre,Emerald Spine,,Grey Marble,
1581,16,2087,0,https://solanart.io/search/?token=2jrCpBxKGbtmK6RCY1HNoHTya3L1KFdSBWxi4n2fcKcV,Silver Knight,Blue,None,None,Annihilating Power,None,Gold Bullish Helmet,,Scaly Albino,
1591,10,6419,39.68,https://solanart.io/search/?token=G1ibdC7wzwJMj9e4B1m9MYJdm957wFqcJNtBG8czpQRt,None,Blue,Skull Necklace,Lost Eye Patch,Unbreakable Defense,Sparse Teeth,Blue Crystal,,Base,
1598,15,3078,4.82,https://solanart.io/search/?token=Dgmsz746itmFe1ejvaQjvmRCDC5riCto1p5iTB5MM2BM,Bronze Knight,Aquamarina,None,Lost Eye Patch,Supreme Intelligence,Solana Bandana,Bird Family,,Scaly,
1603,14.21,5638,1.12,https://solanart.io/search/?token=AGzSg7vGEwtyPGXHythetV1UamW23Vdvq2dRLhwkhWvH,None,Unexplored Mine,None,Analysis,Unbreakable Defense,Bushy Beard,Halo,,Yellow Energy,
1739,18,1737,0,https://solanart.io/search/?token=9z6vnmDaFF5UapAX9GNLptKZMkJbbfvGaFhtpWA37j1z,Bronze Knight,Solana,Skull Necklace,None,Unbreakable Defense,Reptilian Tongue,Demon Helmet,,Muddy,
1781,15,281,17.51,https://solanart.io/search/?token=14Jzxn8VfXnuEbAJvq4MpDwFdVw3JpMxJUjX1YRDLEjb,Golden Knight,Unexplored Mine,Rainbow Cuban,Coins,Unbreakable Defense,Cigarette,Blue Crystal,,Red Rock,
1788,40,2366,0,https://solanart.io/search/?token=A5tgGg4pGNn52ST9RRiYAarhmd2QDBc77AJxujPKif3x,Red Spartan,Rocky Cliff,None,None,Annihilating Power,Sparse Teeth,Demon Helmet,,Flubber,
1802,33,325,0,https://solanart.io/search/?token=2Wd6QvE7GtqtRcbmJeUhXKjsVeDiLS9y3znaGLqmYAiR,Crystals Collector,Raging Volcano,Skull Necklace,Cyclop,Annihilating Power,24k Grillz,None,,Scaly,
1818,50,81,0,https://solanart.io/search/?token=DftJk54qQvw4vHZySRR281GdkRQvt9SaSp4Vk3vgN9S4,War Belt,Crystalline Cave,Sherlock O'Clock,Coins,Annihilating Power,Rude Words,Outlaw Hat,,Emerald,
1821,25,6333,0,https://solanart.io/search/?token=Az3VDF4jygCSJR34zsiitGFL7QSRjUKRuDVf714PfcgJ,None,Blue,Skull Necklace,White Force,Annihilating Power,Human Teeth,None,,Base,
1823,8.3,2136,76.1,https://solanart.io/search/?token=2cLzQf9Sk84bDJznmfy4cHNfV1YMSj3GMNbeJqMb8TRN,Silver Knight,Blue,Silver Cuban,Lost Eye Patch,Unbreakable Defense,Human Teeth,Buccaneer Hat,,Scaly,
1825,8,3272,73.94,https://solanart.io/search/?token=9vSjVSzin7ESaBd96aFg2AanpacBiC1NqMjfipqvuTZ4,Bronze Knight,Endless Grove,None,ThugLife Shades,Unbreakable Defense,Bubble Gum,Degen Hat,,Emerald,
1867,7,7609,64.28,https://solanart.io/search/?token=88AcxnGtPmxCJNisyNeuzhiYhztPSLpAPGGTMseTeztc,None,Grey,None,Purple Force,Unbreakable Defense,Mustache,Sombrero,,Glacial Ice,
1919,45,1216,0,https://solanart.io/search/?token=CNm4jQiX9Ff5sZoV5Df7Uu7b8xt2vDvKUYVHinQ8XdNq,None,Crystalline Cave,Rude OG,Analysis,Unbreakable Defense,Bloodthirsty Teeth,Safari Hat,,Lava,
1921,15,3731,1.86,https://solanart.io/search/?token=FJkPCZW5Lz8dMqNFvANF4ZGuJMqCrPGGYQfy6nBxwtCu,Unchained,Raging Volcano,None,Cyclop,Annihilating Power,Human Teeth,None,,Glacial Ice,
1933,14.7,3186,7.33,https://solanart.io/search/?token=62tzCqMvyJSQJkLyAF7DwaXE8gw14mnetKN9bN2PnM2h,None,Rocky Cliff,GM,White Force,Unbreakable Defense,Mustache,Blue Crystal,,Lava,
1939,30,761,0,https://solanart.io/search/?token=4WizMinzZGNscHc753RGSFsTBVSi8jiudLmsxpMQrExJ,Bronze Knight,Solana,6ix9ine Iced Out,3D Glasses,Unbreakable Defense,Volcano Melter,Buccaneer Hat,,White Quartz,
1953,30,5896,0,https://solanart.io/search/?token=UYyPQDLCKYFvjThQvKYWWmyz5koamGWtSUUgiGSZ5AQ,Bullet Belt,Blue,None,Neon Shades,Annihilating Power,Tartar Dentures,Emerald Spine,,Lava,
1984,12,8453,10.45,https://solanart.io/search/?token=AiKvULoiKj5y9kktpnkSgXrxqXNWPv2gc5EKXHB88nEz,None,Yellow,None,Lost Eye Patch,Annihilating Power,Bloodthirsty Teeth,Emerald Spine,,Mossy,
2015,15,782,15.23,https://solanart.io/search/?token=9JshuKDh4uqfD24q3d2XgF2XFPMWJkjXe5K2oP9pmsKF,Unchained,Unexplored Mine,Tribal Necklace,Green Force,Supreme Intelligence,Solana Bandana,Red Stones Mohican,,Base,
2029,15,4011,0.59,https://solanart.io/search/?token=3TmywwUB1T6RSRxqinbfYTUj4PcEeN3bHn8THJR2onNz,None,Aquamarina,Rainbow Cuban,Cyclop,Annihilating Power,Tartar Dentures,Bird Family,,Grey Marble,
2036,34,2937,0,https://solanart.io/search/?token=1eFH2h6SQ73Go87UVBuk4ubfBhevbbRf7fhhQfsJFmw,None,Grey,Skull Necklace,None,Unbreakable Defense,Tartar Dentures,Elder Mushroom Colony,,Jelly Skelly,
2070,15,187,17.93,https://solanart.io/search/?token=3J56N4ts7QrxSjmn2e7jcBJVzBNJGPjbrDqzRf67YDke,Solana Bulletproof Vest,Green Pillars,Sherlock O'Clock,Green Force,Unbreakable Defense,Volcano Melter,Arachnid Colony,,Rainbow,
2075,50,1996,0,https://solanart.io/search/?token=GeZNwYs5hDK27JTBxokc2vCtfbYK3UUJuMFvcBYL6t2p,Cyborg,Terrifying Grotto,None,Purple Force,Supreme Intelligence,Sparse Teeth,Arachnid Colony,,Rainbow,
2085,15,1231,13.2,https://solanart.io/search/?token=47qR4XCFQRGRcbNFKS4ruHscbP1LQA7Pvk9fmiLGHPbU,Bronze Knight,Dangerous Laboratory,GM,Green Force,Supreme Intelligence,Human Teeth,Elder Mushroom Colony,,Scaly,
2089,21,2144,0,https://solanart.io/search/?token=7yEjDV19PAnGL9cdfv1YYGB2M1yYuS1LiTUBWjvap7JY,Silver Knight,Black,Golem Head,Red Force,Supreme Intelligence,Bloodthirsty Teeth,Safari Hat,,Muddy,
2092,24,937,0,https://solanart.io/search/?token=AFJk9LjMWysKBhbmrAk7eCh4jCSVSev7SfNvwLmaftFX,Crystals Collector,Green Pillars,GM,None,Annihilating Power,Bushy Beard,Skeleton Mask,,Emerald,
2102,30,1891,0,https://solanart.io/search/?token=BxHceknHcdNG8TMfCssGKcHeUBRWtrvbD5HBiCEvMwYr,Convicted,Grey,Silver Cuban,Purple Force,Annihilating Power,Cigarette,Arachnid Colony,,Emerald,
2110,8.5,4850,61.79,https://solanart.io/search/?token=5pDUqspfu5DZAonKjGEymSNV24vuVDpq3fH1pjoKCPqn,Golden Knight,Green Pillars,None,None,Unbreakable Defense,Human Teeth,Skeleton Mask,,Mossy,
2114,30,6852,0,https://solanart.io/search/?token=J1pS6HszBq2qwDLX4kosU5TkPfwHiagM5qmBEDcSUPCx,None,Purple,None,Green Force,Supreme Intelligence,Sabertooth,Blue Crystal,,Gold,
2165,250,2153,0,https://solanart.io/search/?token=5yao6UQrsvLn7vLaL16Hz3npV8D8DQMW16yVijFeafnv,Inner Reactor,Peach,None,Purple Force,Supreme Intelligence,Tartar Dentures,Elder Mushroom Colony,,Flubber,
2223,50,2131,0,https://solanart.io/search/?token=EeXd3UQh1MYuYyaAzLVJRNgZZMxHv7Rarii4yQuPUEWW,None,Dangerous Laboratory,Skull Necklace,Blue Force,Annihilating Power,Mustache,Emerald Spine,,Solana Energy,
2282,9,3431,63.22,https://solanart.io/search/?token=65i7aj1kCYQgPXg1F3qiaph2QSv6MqgqfNCzSfH6ouHm,Golden Knight,Rocky Cliff,None,Coins,Supreme Intelligence,Tartar Dentures,Blue Crystal,,Red Rock,
2326,9,7072,46.71,https://solanart.io/search/?token=CHevzSCouAi7VvfBnDX9HvZkKZ2A16Ysvo86jtXn3Hj9,None,Endless Grove,None,Coins,Unbreakable Defense,Pink Iced Out Grillz,Outlaw Hat,,Muddy,
2343,39,402,0,https://solanart.io/search/?token=211GqeciBikHTJDyYENxJga3xhuSgXp3J2WNjKsecUhz,Golden Knight,Black,Sherlock O'Clock,Green Force,Annihilating Power,Mustache,Sombrero,,Solana Energy,
2383,12.5,699,40.61,https://solanart.io/search/?token=7DE6vPEai9X5QSZpPbZHzMqm5ydTyXqTfs9ywYrxdAmh,Golden Knight,Crystalline Cave,Golem Head,ThugLife Shades,Supreme Intelligence,Banana,Emerald Spine,,Lava,
2389,80,1549,0,https://solanart.io/search/?token=4NM2o9Nvnw8HAdz5Ug6ywSokp4j94qqsdMKRbCLLeFwh,Bullet Belt,Yellow,Rainbow Cuban,Purple Force,Unbreakable Defense,Banana,Arachnid Colony,,Black Obsidian,
2416,20,4942,0,https://solanart.io/search/?token=5VjqUU6dxNtgmCVJQGrBnK9ZGMwa5j71n9ACFSbmqdTT,War Belt,Green,None,Red Force,Unbreakable Defense,Emerald Smasher Teeth,Sombrero,,Muddy,
2522,69.959999,3392,0,https://solanart.io/search/?token=8BXwzjivyQjZgDBwudX6emFzTPcjiztT3o7DtMWQuiKb,None,Rocky Cliff,None,Neon Shades,Unbreakable Defense,Rude Words,None,,Rainbow,
2538,15,2530,7.31,https://solanart.io/search/?token=6x2HdWX1mFgf5XGZeSKJbYAMFWp2UuyVktsSuV6vsxtV,Bullet Belt,Green,None,Green Force,Unbreakable Defense,24k Grillz,Elder Mushroom Colony,,Emerald,
2550,15,1387,12.49,https://solanart.io/search/?token=J8hh1peS9AD33hvQ6Cx8YuQDs35v4VhncjSgMbkTPjkF,War Belt,Endless Grove,Sherlock O'Clock,Lost Eye Patch,Annihilating Power,Sabertooth,Emerald Spine,,Muddy,
2581,7.1,7122,65.49,https://solanart.io/search/?token=DgQGS4QPagsCfkt62EWkG8ZSDTeLD7DswikdJ1YkYSnj,None,Raging Volcano,None,White Force,Annihilating Power,Banana,Halo,,Muddy,
2620,6.9,7238,66.96,https://solanart.io/search/?token=DcGq9vMs9u3Dn1iKYmtRF6rvz33Z9mm4DTt3oS2dv8YX,None,Peach,None,Neon Shades,Unbreakable Defense,Cigarette,Safari Hat,,Scaly Albino,
2657,39,415,0,https://solanart.io/search/?token=68nTYSt9mNdUG9SzcDcg4bSbRJ1QuoQAyxpL8axTSbYk,Crystals Collector,Enchanted Forest,Boxing Gloves,Lost Eye Patch,Unbreakable Defense,Bloodthirsty Teeth,Sombrero,,Rainbow,
2661,15,2465,7.6,https://solanart.io/search/?token=HNLrqoc5bNCqwZPGHFszJPqPqenbr7Dmomwv3yKrxrTM,Crystals Collector,Endless Grove,None,None,Annihilating Power,Solana Bandana,Demon Helmet,,Scaly Albino,
2670,11,5940,31.85,https://solanart.io/search/?token=AtXqdHnKuEhgGjdHqkUNzMBgefULfTm54XUj7ix6GRxj,Bullet Belt,Peach,None,Neon Shades,Annihilating Power,Sabertooth,None,,Grey Marble,
2698,20,945,0,https://solanart.io/search/?token=FHRjArwR6HKbDRCR5JQxEShyQ5ujQEqEdH83dQB4DveF,Silver Knight,Green,Silver Cuban,Lost Eye Patch,Unbreakable Defense,Solana Bandana,Buccaneer Hat,,Muddy,
2713,8.4,1584,77.6,https://solanart.io/search/?token=6wwBkn5QkgZy1YVK4XhESrrBth7Jh462siB34vHQK7nh,Crystals Collector,Peach,Skull Necklace,Coins,Unbreakable Defense,Human Teeth,Halo,,Yellow Energy,
2828,18,2059,0,https://solanart.io/search/?token=H6gWbpSjtK3xB9W7umkpfubMF8d2r4NdRtW8KdTFFc6B,Crystals Collector,Solana,None,Lost Eye Patch,Annihilating Power,Rude Words,None,,Scaly,
2843,15,2888,5.69,https://solanart.io/search/?token=5wKQaWbdb6YP2ZRVZVxdAcAijPkji2ubvazDyBkxbW3q,Silver Knight,Raging Volcano,None,Lost Eye Patch,Unbreakable Defense,Sparse Teeth,Outlaw Hat,,Solana Energy,
2849,62,564,0,https://solanart.io/search/?token=CLX1xkJw3NHM7H2EEBYdm3kS16YqDtaFb5W2Wvra7aRP,Golden Knight,Endless Grove,Sherlock O'Clock,Analysis,Unbreakable Defense,Volcano Melter,Red Stones Mohican,,Black Obsidian,
2875,69.419998,241,0,https://solanart.io/search/?token=D2ubbjykBabAn4GEdtXyJtRZqVCyHLzNHS82F2HkHV7A,Convicted,Green Pillars,Tribal Necklace,None,Annihilating Power,None,Gold Bullish Helmet,,Flubber,
2884,15,1807,10.59,https://solanart.io/search/?token=GVmKyKaNr6ZRMubJuPY1zpZ9LBvyKRHjALgtXuPUh1aQ,Convicted,Crystalline Cave,Silver Cuban,Hijacked,Unbreakable Defense,Crude Ogre,Red Stones Mohican,,Yellow Energy,
2896,10,3497,52.92,https://solanart.io/search/?token=FkZw1X97qKYTdrCh5vuMMjGVhY756sHzFAx9S94UCdg9,Crystals Collector,Dangerous Laboratory,None,Purple Force,Unbreakable Defense,Volcano Melter,Red Stones Mohican,,Purple Energy,
2899,7.5,6313,65.16,https://solanart.io/search/?token=CneovYWUXkqMP5HiXbdPiSevEwxUZG1AAvqQ9SwA4xAP,Crystals Collector,Peach,None,Red Force,Unbreakable Defense,Rude Tongue,Red Stones Mohican,,White Quartz,
2911,23,3468,0,https://solanart.io/search/?token=FseVYmxzVaSeD2bHxX4LEk8ELx7H1JRm8W1v9EZPDgw5,Bullet Belt,Aquamarina,None,None,Unbreakable Defense,None,Gold Bullish Helmet,,Base,
2932,33,54,0,https://solanart.io/search/?token=A8jaXwZFTY1LzuDJnSQE56LW9NWvcwnddjo77SSNzBMi,RG Brawl,Terrifying Grotto,6ix9ine Iced Out,Analysis,Supreme Intelligence,Sparse Teeth,Blue Crystal,,Solana Energy,
2935,10,1085,63.86,https://solanart.io/search/?token=ABJwrmZFAxcUvQnWyMm7DjrB5gh3qgwoLofYKcGgusNj,Bullet Belt,Peach,Rainbow Cuban,Lost Eye Patch,Supreme Intelligence,Bloodthirsty Teeth,Bird Family,,Grey Marble,
2967,10,6500,39.31,https://solanart.io/search/?token=BMojUagmwNY8hduVEKtbH5mNDAHpqAUcnT3NWQ9KkPZo,Convicted,Green,None,Coins,Supreme Intelligence,Human Teeth,Safari Hat,,White Quartz,
3017,12,6822,17.85,https://solanart.io/search/?token=42Pn9aSy413LRFaDfwNCKgJ9fe9m5D6mv1LgbsMdEGG6,None,Grey,None,White Force,Supreme Intelligence,24k Grillz,Blue Crystal,,Muddy,
3024,7.99,4892,66.7,https://solanart.io/search/?token=5hfAUXToNrLLb4oJFYdRPs3o3QTWJxApG8PS1K58yTg2,Bullet Belt,Aquamarina,None,White Force,Unbreakable Defense,Monster,Bird Family,,Black Obsidian,
3055,9.85,7688,35.42,https://solanart.io/search/?token=C8vDeHsgnk7QCHSpnPeih48FqYRaLu3TPtmGpTXmYmzp,None,Endless Grove,None,Red Force,Annihilating Power,Cigarette,Degen Hat,,Muddy,
3059,19.99,5629,0,https://solanart.io/search/?token=3ivcC4FMamQn21dhtFp8W1hcPe3f2CyWpropQ5Tz1vb5,Skeleton,Grey,None,None,Annihilating Power,Reptilian Tongue,Demon Helmet,,Mossy,
3069,7,5851,72.25,https://solanart.io/search/?token=6o4jK3oaSgV7yyxULimWA9Crhxk96nrtS5MSW5anUHph,Crystals Collector,Grey,None,3D Glasses,Annihilating Power,Reptilian Tongue,Buccaneer Hat,,Base,
3080,10,7194,36.16,https://solanart.io/search/?token=AigcaNqf6XwCgYSKTrBr8hdze5NXQjcmSwK63b3b2isz,None,Terrifying Grotto,None,Hijacked,Supreme Intelligence,Mustache,Red Stones Mohican,,Muddy,
3128,12,8000,12.51,https://solanart.io/search/?token=DKScqJKWzBaqeiC5WudMc11Y3QrPPEadEyhuYVhntxwz,None,Purple,None,Hijacked,Annihilating Power,Bloodthirsty Teeth,Sombrero,,Lava,
3174,8.7,8270,44.28,https://solanart.io/search/?token=ChvfZh8eSLuMEdCseWkrgZKpkthkM4fRcNfvsfcEgcs4,None,Blue,None,White Force,Annihilating Power,Rude Tongue,Safari Hat,,Lava,
3177,15,6326,0,https://solanart.io/search/?token=J6zWVy8o8TxgmUZeWBQBFzmy7NkBsyUmCMeM5g9ixwQR,None,Mount Lamaintula,None,Cyclop,Annihilating Power,Volcano Melter,None,,Base,
3180,45,289,0,https://solanart.io/search/?token=CLajuvJqKr9D7tGr3WCF2uR4haHmN7784JSt9Zp7UgC4,Golden Knight,Terrifying Grotto,Tribal Necklace,Neon Shades,Supreme Intelligence,Banana,Sombrero,,Rainbow,
3196,15,8050,0,https://solanart.io/search/?token=CiviHkezBSht9MBtNoNXFkEs4928CaYXvrMhfVUZv3Ts,None,Blue,None,White Force,Supreme Intelligence,Bloodthirsty Teeth,Bird Family,,Grey Marble,
3202,8.5,4499,63.38,https://solanart.io/search/?token=6qR8jnGRPPaQuW7UWBYvkon2ykv8kYSG3GUCcvco1bVp,Crystals Collector,Green Pillars,None,White Force,Annihilating Power,Rude Tongue,Degen Hat,,Scaly,
3214,7.6,4465,72.54,https://solanart.io/search/?token=Bb3aCA2NBGSemRooMYGWmoYjXXbykeGFzPqmJDrskTRH,Silver Knight,Yellow,None,Lost Eye Patch,Annihilating Power,Emerald Smasher Teeth,Safari Hat,,Red Rock,
3231,10.99,3823,41.55,https://solanart.io/search/?token=4feFjgxtzBDhKQfRHWnLoTh2mRZDC9kNu6gLwvoLAEeq,Bronze Knight,Rocky Cliff,None,Cyclop,Supreme Intelligence,Reptilian Tongue,None,,Yellow Energy,
3253,9,1912,70.11,https://solanart.io/search/?token=9ebxa7VbG8eXt7Hg7eFwPt4yQbpMNuDPguVcUT9FfzRu,Crystals Collector,Dangerous Laboratory,Sherlock O'Clock,Lost Eye Patch,Unbreakable Defense,Human Teeth,Degen Hat,,Mossy,
3264,11,6913,27.44,https://solanart.io/search/?token=CpPsy5kExnUoUf11iRCUDLJNEpLV6Z5ycQPVjU3mGtYK,None,Dangerous Laboratory,None,None,Unbreakable Defense,Mustache,Bird Family,,Purple Energy,
3272,19,526,0,https://solanart.io/search/?token=BsC7mucHLsTETJxzfM8tsSy9zMv6Dsd2jYnA9PNC9ArM,Convicted,Crystalline Cave,Tribal Necklace,Hijacked,Annihilating Power,Cigarette,Solana Bucket Hat,,Glacial Ice,
3275,7,8128,61.93,https://solanart.io/search/?token=3i75hYBAjEqaF1WkQ3QRyNJDrR3thpUiMwGRmrwNfCq7,None,Purple,None,Blue Force,Annihilating Power,Mustache,Red Stones Mohican,,Grey Marble,
3291,65,2313,0,https://solanart.io/search/?token=5qmBdnEo4iezDzzYYrkjJaxpZ3Mx16iED6YHJc5eNthH,Golden Knight,Aquamarina,Silver Cuban,Lost Eye Patch,Supreme Intelligence,Human Teeth,None,,Base,
3308,10,5512,43.79,https://solanart.io/search/?token=HVwMcyFTdJ4nvoCEFXbAaJHyz9Frp5tYzNCcuev6CqGD,None,Yellow,Silver Cuban,Red Force,Annihilating Power,Reptilian Tongue,Blue Crystal,,Lava,
3316,125,2178,0,https://solanart.io/search/?token=AjrwnM3kmRhT8VnfgtTEZG3GteStQpXLzSLQrHfcwsBS,Unchained,Purple,None,None,Unbreakable Defense,None,Ice Beast Mask,,Emerald,
3319,50,333,0,https://solanart.io/search/?token=J8XBXpSkyyqRdSXbpUpmxbK5v4y81C8g46wFRqSTVB4q,Red Spartan,Grey,6ix9ine Iced Out,Lost Eye Patch,Unbreakable Defense,Volcano Melter,Safari Hat,,Black Obsidian,
3404,40,6760,0,https://solanart.io/search/?token=5QcqpXvyKJT6RajAuPuDMsVCcbwAXRqJvakncFEE2m8p,None,Yellow,None,None,Unbreakable Defense,None,Gold Bullish Helmet,,Muddy,
3407,7.5,7523,59.67,https://solanart.io/search/?token=9pRvJjdQfChvt8bGjqxLpNU2EgxJ9tz1GJ2JYvBpRgXp,None,Grey,None,Lost Eye Patch,Unbreakable Defense,Reptilian Tongue,Outlaw Hat,,Red Rock,
3454,10,899,64.7,https://solanart.io/search/?token=CBkXDQJP5L97snogWdx8pUC8MesjYUU1CHgYeosuu9tt,Convicted,Dangerous Laboratory,Skull Necklace,Purple Force,Unbreakable Defense,Bushy Beard,Emerald Spine,,Scaly Albino,
3474,20,6949,0,https://solanart.io/search/?token=5eXAhBwtz6QQqd6pkfWqGyqrguyEPREPdD2x16JEaRgr,None,Peach,None,None,Annihilating Power,Emerald Smasher Teeth,Demon Helmet,,Solana Energy,
3505,10,1440,62.25,https://solanart.io/search/?token=6FYNKNAWexHPSeXz3pppYf9xrfXd6jvZq1GJwXfuopWt,RG Brawl,Black,Tribal Necklace,Blue Force,Supreme Intelligence,Banana,Blue Crystal,,Grey Marble,
3522,20,3887,0,https://solanart.io/search/?token=945Afok92sm7ZwjCt9KpJUDLRvZLc6SSXgpuprQ5qP4W,Convicted,Mount Lamaintula,None,Red Force,Supreme Intelligence,Sparse Teeth,Emerald Spine,,Mossy,
3525,8,3879,71.19,https://solanart.io/search/?token=4vMf73dafGv2fkDpJ7e3mafRjivPsWMSzDwg7fEVgspH,Solana Bulletproof Vest,Green Pillars,None,None,Supreme Intelligence,Human Teeth,Demon Helmet,,Yellow Energy,
3526,25,145,0,https://solanart.io/search/?token=4ieo8bhQuFHnem8x5rN68uzC7RGRrZ612nGbQp2uVpYt,Primitive Piercing,Aquamarina,Rainbow Cuban,Neon Shades,Unbreakable Defense,Crude Ogre,Sombrero,,Flubber,
3551,35,5676,0,https://solanart.io/search/?token=7cNoiEd8xG6wa1VttVm7WcDypJpLSSXhqMuuy8f2yQi4,None,Rocky Cliff,Silver Cuban,Green Force,Supreme Intelligence,Crude Ogre,Buccaneer Hat,,Mossy,
3562,10,3113,54.67,https://solanart.io/search/?token=9KQ6BPYVqe7rN5wjwDxPPKXWwmnsoJkaWpj3kR6c9fN9,None,Solana,6ix9ine Iced Out,Red Force,Unbreakable Defense,Pink Iced Out Grillz,Sombrero,,Black Obsidian,
3583,21.691,2010,0,https://solanart.io/search/?token=GNLFLAnNysXF9wCENct5u3wWvmEKQhTyHim4ABJfakqN,None,Raging Volcano,Sherlock O'Clock,Laser Beams,Unbreakable Defense,Sparse Teeth,Emerald Spine,,Red Rock,
3635,50,823,0,https://solanart.io/search/?token=FdP7K4tM7DE9YQYkkNXTJuk3A6Nj9kvVn5D6EArBkJ7P,Golden Knight,Green,Sherlock O'Clock,Neon Shades,Supreme Intelligence,Emerald Smasher Teeth,None,,Glacial Ice,
3656,10,6149,40.9,https://solanart.io/search/?token=14TJJTRriEZ7PdEzvtt2iBFgTgBVWn9yaWUEPQRxKNHo,None,Green,Boxing Gloves,Purple Force,Supreme Intelligence,Crude Ogre,Emerald Spine,,Base,
3680,12,5181,25.29,https://solanart.io/search/?token=3w5sUCTQtWjgzz5hVoJhoYfvwvGRcPkXbME1w9qUAmVS,Silver Knight,Blue,None,Coins,Unbreakable Defense,Rude Tongue,Halo,,Base,
3696,155.555557,1107,0,https://solanart.io/search/?token=HSBZ2foqBk21tkiks9XKR5EEDRtoA9DrDH8C8pDVTwWZ,Bronze Knight,Dangerous Laboratory,Boxing Gloves,Green Force,Supreme Intelligence,Human Teeth,Blue Crystal,,Glacial Ice,
3718,15,1727,10.95,https://solanart.io/search/?token=Fdtq5LnSUSs67VZN5XzFmJC5ZDp1soPJq3JRsha95vW9,Skeleton,Purple,Sherlock O'Clock,Blue Force,Unbreakable Defense,Tartar Dentures,Red Stones Mohican,,Glacial Ice,
3730,25,1944,0,https://solanart.io/search/?token=9rBHXVWgtMPgkgNzbHYVogcLmqyiPnrCmVje9iAizUha,Skeleton,Aquamarina,None,None,Unbreakable Defense,None,Gold Bullish Helmet,,Emerald,
3764,10,5630,43.25,https://solanart.io/search/?token=D2WMj4Mqq3X1CPJ9kkaSC7QAJTwLX6AHWuRF9ERxbH3c,None,Dangerous Laboratory,Sherlock O'Clock,Purple Force,Annihilating Power,Tartar Dentures,Emerald Spine,,Muddy,
3777,42,73,0,https://solanart.io/search/?token=G2hMETHUNoJtTdJQujGBXpiqxSXcLoEsFaxtkV7J83HN,War Belt,Unexplored Mine,Rainbow Cuban,Blue Force,Unbreakable Defense,Volcano Melter,Buccaneer Hat,,Gold,
3826,17,3069,0,https://solanart.io/search/?token=FiWksAa9VuKE99npNbk7xCgfhstNtkMqc7pKya9azy3C,None,Crystalline Cave,6ix9ine Iced Out,3D Glasses,Annihilating Power,Reptilian Tongue,Safari Hat,,White Quartz,
3877,55,3357,0,https://solanart.io/search/?token=FbFRFJruBdwQkv6YAawLHrsjJdeDkGT6TDHX1xyx5wS3,Convicted,Crystalline Cave,None,Coins,Unbreakable Defense,Pink Iced Out Grillz,Outlaw Hat,,Glacial Ice,
3885,9,603,76.05,https://solanart.io/search/?token=Fgnob9PrFCq2uKpdok3RrXK94dNrx6QDRiurYLZomGss,Golden Knight,Green,GM,Neon Shades,Unbreakable Defense,Sabertooth,Solana Bucket Hat,,Mossy,
3906,21.299999,1075,0,https://solanart.io/search/?token=DY8STfBy76Ri1zGwEovEG1nY7haG6ArVDg7B53Kq4wf2,Silver Knight,Blue,Silver Cuban,Neon Shades,Unbreakable Defense,Bushy Beard,Solana Bucket Hat,,Black Obsidian,
3936,12,6951,17.26,https://solanart.io/search/?token=5uVZsqNtQPozqqo3kx7R8xDXKbJjuPUQ7WEtfJwsPvjp,Silver Knight,Yellow,None,None,Supreme Intelligence,Sparse Teeth,Skeleton Mask,,Base,
4002,15,4560,0,https://solanart.io/search/?token=J8k55NwMUsuaKmk2zN3aBkjzXezgGApv7tt6F8Wudjon,None,Unexplored Mine,Silver Cuban,None,Annihilating Power,6ixn9ne Rainbow Grillz,Red Stones Mohican,,White Quartz,
4007,125,1644,0,https://solanart.io/search/?token=DLKzv1BubeSkJs1cNMJHEJSaWSsHAg6oEwzZCsfJ7ufU,War Belt,Purple,None,Red Force,Unbreakable Defense,Cigarette,Elder Mushroom Colony,,Jelly Skelly,
4028,9,1314,72.82,https://solanart.io/search/?token=Ghn5ueiRMxUTxBm61sCCnaGqPpuSt2cy9qHdjGy6y3A9,Silver Knight,Blue,6ix9ine Iced Out,Subatomic Goggles,Unbreakable Defense,Human Teeth,Emerald Spine,,Mossy,
4095,10,4071,50.32,https://solanart.io/search/?token=HKkDSRxp4YXtfLjF3gTDvncE59GHUNnxKs7vM82i8omY,None,Green Pillars,Boxing Gloves,Purple Force,Supreme Intelligence,Crude Ogre,Emerald Spine,,Yellow Energy,
4101,15,227,17.75,https://solanart.io/search/?token=8D4nsR3rwSXYR3e9i6SJQ5ESuEA7Ed6XycPUjiZFhqS9,Skeleton,Raging Volcano,GM,3D Glasses,Unbreakable Defense,Rude Tongue,Solana Bucket Hat,,Scaly,
4141,11.11,6350,28.89,https://solanart.io/search/?token=6jEW3w6wZxG1s7D8HDCt3RGymPTeUq2fRWLXBULB2wJ7,Bronze Knight,Enchanted Forest,None,None,Annihilating Power,Crude Ogre,Red Stones Mohican,,Scaly,
4153,21.5,1125,0,https://solanart.io/search/?token=F6NrbwSHnsrbwFa8mCFhgfTS9MMzu7TXviTeHSy2YkGA,Golden Knight,Black,6ix9ine Iced Out,Purple Force,Unbreakable Defense,Volcano Melter,Buccaneer Hat,,Black Obsidian,
4212,12,2421,37.8,https://solanart.io/search/?token=92Tp8wWKNuBnzNX1LAgw4hm1hCBEKUsZPsjAaRnq2A3x,Golden Knight,Enchanted Forest,None,Cyclop,Unbreakable Defense,Cigarette,Elder Mushroom Colony,,Glacial Ice,
4236,8.5,5097,60.67,https://solanart.io/search/?token=6drqYvfBHkMhyBHSrW4xZaiyKFFdu85b6Ld1RmUe4qVq,Unchained,Peach,None,3D Glasses,Supreme Intelligence,Tartar Dentures,Arachnid Colony,,Lava,
4252,35,684,0,https://solanart.io/search/?token=295PVaFxFo2fouanZpNDT6uvYyJdGXBb44H9ANZsbLVd,Skeleton,Enchanted Forest,Skull Necklace,Neon Shades,Supreme Intelligence,Emerald Smasher Teeth,Safari Hat,,White Quartz,
4294,30,4456,0,https://solanart.io/search/?token=5Gr5pepMxydjEGFf5qnKiY8iDdLU8H764GRyEYi7Brt5,War Belt,Dangerous Laboratory,None,Blue Force,Unbreakable Defense,Tartar Dentures,Safari Hat,,Yellow Energy,
4295,12,4000,30.64,https://solanart.io/search/?token=DMAf9ZdCBRJ8TLHUT8nrC5SCqf9zGNzGuHeX3qJXBtmm,None,Peach,Silver Cuban,White Force,Unbreakable Defense,Mustache,Solana Bucket Hat,,Black Obsidian,
4340,25,2479,0,https://solanart.io/search/?token=Hczt8uXRzkVDrLtVuEMpPnEN1FLfXVJUTL1Xehf8XVic,Unchained,Aquamarina,Sherlock O'Clock,Blue Force,Annihilating Power,Human Teeth,Outlaw Hat,,Mossy,
4390,35,436,0,https://solanart.io/search/?token=FGgKYNWbJKJigxSregthHPWGA7YSbJin21SoGzd94RcS,Bronze Knight,Enchanted Forest,Rude OG,White Force,Supreme Intelligence,Tartar Dentures,Degen Hat,,Muddy,
4425,9.99,3182,54.45,https://solanart.io/search/?token=3eJ6La1aGzYgDcLWqjfR67HuhBbEAhitjGYfbysVRFPV,RG Brawl,Green,None,Analysis,Supreme Intelligence,Banana,Sombrero,,Muddy,
4453,8.5,1169,78.48,https://solanart.io/search/?token=C3ij8BU8aNUDRD6n8PovS9dJQbqsdM4SN5gNPZhDWBY7,Bronze Knight,Blue,Tribal Necklace,Subatomic Goggles,Unbreakable Defense,Sabertooth,Elder Mushroom Colony,,Emerald,
4531,8.5,7088,51.64,https://solanart.io/search/?token=rCXfFvQQfR8GBui1ikpW8kVf4phfQyYX5BSy2Pb4pat,None,Grey,None,3D Glasses,Annihilating Power,Sabertooth,Buccaneer Hat,,Rainbow,
4597,11,522,56.41,https://solanart.io/search/?token=71GfYiFSFMU5BwJjW3o9DffRWiKYM7m2HqQxiVJFL9Xq,Solana Bulletproof Vest,Rocky Cliff,Skull Necklace,3D Glasses,Annihilating Power,Volcano Melter,Arachnid Colony,,Black Obsidian,
4598,42,373,0,https://solanart.io/search/?token=GQN268ds4CpRfbci8EyQDNivtaGN8mYvmjPB49EoZaoE,Cyborg,Solana,Golem Head,None,Annihilating Power,Bushy Beard,Skeleton Mask,,Red Rock,
4614,7,8822,58.78,https://solanart.io/search/?token=28e4V94rvNgzNBuhkCP2XcEvmts3tbWTRYkE6HxoYr45,None,Green,None,None,Unbreakable Defense,Rude Tongue,Skeleton Mask,,Base,
4677,12345,5730,0,https://solanart.io/search/?token=2LFz1BbaRs369RcurCuw7ttEDcMDGMFpYsvSH36u8tBP,Bronze Knight,Peach,None,3D Glasses,Supreme Intelligence,Reptilian Tongue,Buccaneer Hat,,Base,
4708,15,4126,0.07,https://solanart.io/search/?token=BaySTMw8YBEBMHEy47UXG3K2ALoLMrLh1CEkyjKiqK6e,None,Terrifying Grotto,Sherlock O'Clock,None,Supreme Intelligence,Banana,Elder Mushroom Colony,,Scaly Albino,
4710,47.099998,2662,0,https://solanart.io/search/?token=B6DTFYkvUcKdwuKkzwZyc7EytubEsNvDxYmjwioDCPr8,Solana Bulletproof Vest,Green,None,Neon Shades,Unbreakable Defense,Monster,Halo,,Grey Marble,
4731,7.5,5907,67,https://solanart.io/search/?token=6DNmqWLjLtZ1HiBYieKpsZgt8ZRv5j9WtvCYjdrmC1ev,None,Green,Skull Necklace,ThugLife Shades,Supreme Intelligence,Tartar Dentures,Outlaw Hat,,Mossy,
4734,9.9,2159,59.99,https://solanart.io/search/?token=94t4riyVeSBRb9ZVrh5sK5kecDAoPezjfNmPffAF9mLK,Crystals Collector,Enchanted Forest,Silver Cuban,Green Force,Supreme Intelligence,Human Teeth,None,,Yellow Energy,
4754,8.1,5115,64.59,https://solanart.io/search/?token=CzeCbreBghMGgQMAnEf6BsnznHKJSxZvCib8b7FUXm7b,Silver Knight,Grey,None,ThugLife Shades,Unbreakable Defense,Mustache,Blue Crystal,,Mossy,
4770,250,7655,0,https://solanart.io/search/?token=C5NxNWKm4kHKmcJRC9UGi9EbqmRympG7CNdejbMjtHNu,None,Raging Volcano,None,White Force,Annihilating Power,Sparse Teeth,None,,Glacial Ice,
4776,33,3374,0,https://solanart.io/search/?token=FpmSBEmCsHg1xGxr52p1j4dd7niJXdxGfHrg8MAmS2gZ,Primitive Piercing,Purple,None,Coins,Supreme Intelligence,Cigarette,None,,Muddy,
4839,20,664,0,https://solanart.io/search/?token=DdET4qxnUBHEJcCQbR5kRETjmcJ7F1QfynsMt5yzPip,War Belt,Yellow,Silver Cuban,Neon Shades,Supreme Intelligence,Emerald Smasher Teeth,Solana Bucket Hat,,Lava,
4866,8.8,1686,73.14,https://solanart.io/search/?token=B6bwtasncHEyvU5MEH3ZdUxYAVa3R4aQCiZiea1Vy4z7,Convicted,Black,Rainbow Cuban,Green Force,Supreme Intelligence,Monster,Safari Hat,,Base,
4870,12,7817,13.34,https://solanart.io/search/?token=13kx2D9VBQrmKaSbN2k248jzr8Jc7VXVvSExHukEY5Kw,None,Enchanted Forest,None,Neon Shades,Supreme Intelligence,Tartar Dentures,Emerald Spine,,Muddy,
4891,8.5,3197,69.28,https://solanart.io/search/?token=3hou7M4CBv4H5Lc836kFRU1wEYdZu38qfm4VavWEx5Dj,Golden Knight,Green Pillars,None,Green Force,Annihilating Power,Sparse Teeth,Elder Mushroom Colony,,Flubber,
4895,10,6341,40.03,https://solanart.io/search/?token=9JDSrnYEz38Ty27WNmAo5diq4jLC38CkKHNWpcoSnA6q,Bullet Belt,Peach,None,Lost Eye Patch,Supreme Intelligence,Crude Ogre,Red Stones Mohican,,Mossy,
4951,20,481,0,https://solanart.io/search/?token=FDLXKqeEN47KdHRn5zCpmprjLi3nrzqkXj93dAZ7biSi,Skeleton,Unexplored Mine,Tribal Necklace,Hijacked,Annihilating Power,Bubble Gum,Bird Family,,Glacial Ice,
4968,9.49,3769,56.79,https://solanart.io/search/?token=DQokfsB3d5JtCL98F5EzxkEKHec2uMNWvfccW5Le1Ebd,None,Grey,6ix9ine Iced Out,Red Force,Annihilating Power,Banana,Emerald Spine,,Emerald,
4999,10,1221,63.24,https://solanart.io/search/?token=33ZJqgEvEzc8VSAcSG6xgnzKQtL3EoumiuzFxxStmfhx,Unchained,Yellow,GM,Neon Shades,Supreme Intelligence,Rude Tongue,Bird Family,,Grey Marble,
5014,14,5326,4.63,https://solanart.io/search/?token=G8vNXpq1EQbe4uJEx3C4FG6hXRWauyeV6AunEzSx8f4V,None,Solana,None,Analysis,Annihilating Power,6ixn9ne Rainbow Grillz,None,,Red Rock,
5043,17,2835,0,https://solanart.io/search/?token=6kuvuadnYGXKjHoc9P7TrdSiAMXRYP2baf17xnwSuuq,None,Purple,Golem Head,Cyclop,Annihilating Power,Rude Tongue,Blue Crystal,,Solana Energy,
5068,32,5497,0,https://solanart.io/search/?token=6ShqENv1BCVsSxGK2uan6SxN55VG49BNSR6RVkU4aaiG,None,Aquamarina,None,None,Unbreakable Defense,Monster,Demon Helmet,,Jelly Skelly,
5074,19,6230,0,https://solanart.io/search/?token=AceUVmgHS9aDvx77LW9H8x32vMqiQC1rSZYm2S53AV4T,None,Grey,None,Green Force,Unbreakable Defense,Tartar Dentures,Crown,,Solana Energy,
5077,12,7671,14,https://solanart.io/search/?token=4aVhFgHJqdE6WFJkroLa4AsqziGnJeuNRyXk3kAnekx2,None,Solana,None,Hijacked,Annihilating Power,Crude Ogre,None,,Lava,
5082,10,1303,62.87,https://solanart.io/search/?token=CHo2i5qe1fcAMFmBcDvRdy8cmxPmY3QnDct1gPMxp9Jn,Golden Knight,Yellow,GM,3D Glasses,Supreme Intelligence,Tartar Dentures,Safari Hat,,Scaly,
5108,10,4577,48.03,https://solanart.io/search/?token=FJxtoUPzuXTpFf4goqgW9bowTH8y1PJTUmu1GzBYMvZQ,Bullet Belt,Black,None,None,Supreme Intelligence,Solana Bandana,Skeleton Mask,,Black Obsidian,
5109,40,5503,0,https://solanart.io/search/?token=5dKtvqNthisyHA5Ntr5yChHY9iJupox9xAaJoVuNC1WZ,War Belt,Peach,None,Cyclop,Annihilating Power,Sabertooth,Safari Hat,,Muddy,
5118,8,3427,73.24,https://solanart.io/search/?token=3rybLNNtMN35uACPtym2MuJsaTTin8SHAegzY7nmj2Kc,War Belt,Crystalline Cave,None,Green Force,Annihilating Power,Bloodthirsty Teeth,Sombrero,,Emerald,
5133,38,446,0,https://solanart.io/search/?token=3hnx2pUHGayRj31YFEQYt64BTH5d5HCjewQZ7XtCk1bP,Silver Knight,Peach,Rainbow Cuban,Neon Shades,Annihilating Power,Crude Ogre,Elder Mushroom Colony,,Purple Energy,
5149,125,15,0,https://solanart.io/search/?token=7UkAWBjhUkXNfQ2Rj2SSDf2WmGiV73t5Yxfx3aFFR7eG,Golden Knight,Rocky Cliff,GM,Electric Goggles,Supreme Intelligence,Monster,Solana Bucket Hat,,Muddy,
5178,14.2,8796,0,https://solanart.io/search/?token=DhEpJhHSQx2yAFhq95CKUGWM9XCK8RooYEYE1iuowp1J,None,Blue,None,None,Unbreakable Defense,Sabertooth,Skeleton Mask,,White Quartz,
5218,13,8398,0.7,https://solanart.io/search/?token=CcHeerm2tiHs8YGtJoTKeWXsXAWEtp4F4jg8bC7Ga3nG,None,Blue,None,Neon Shades,Unbreakable Defense,Tartar Dentures,Red Stones Mohican,,Lava,
5219,50,3120,0,https://solanart.io/search/?token=Asa4RAzNesLGodkVATFSE9WE7PJWk6mek5Vie8NB7VNa,Skeleton,Peach,None,Red Force,Unbreakable Defense,Banana,Solana Bucket Hat,,Red Rock,
5292,11,5456,34.04,https://solanart.io/search/?token=2vBiMsAtQWtUULBXaK5i3WqqFEe19QQK6rxX5YVfXGJq,Bronze Knight,Crystalline Cave,None,None,Supreme Intelligence,Human Teeth,Demon Helmet,,Yellow Energy,
5319,25,1544,0,https://solanart.io/search/?token=GyFqWUX6KbssSKerREQJ1QJoTBBXmi9xfxdG3UfifHEX,None,Dangerous Laboratory,GM,Hijacked,Supreme Intelligence,Rude Tongue,Blue Crystal,,Gold,
5321,7.5,5662,68.11,https://solanart.io/search/?token=4TDzWARRQvUMP7jsH5VM7AQXnNiiUTrXUDGAK89jGDwM,Bronze Knight,Enchanted Forest,None,Green Force,Annihilating Power,Sparse Teeth,Arachnid Colony,,Mossy,
5357,38,2859,0,https://solanart.io/search/?token=EpZS4ufibWCXsvsCKgGh7a5BUbaRGbSUC7woUCrHwHd5,None,Black,Tribal Necklace,None,Annihilating Power,None,Ice Beast Mask,,Scaly,
5362,48,3815,0,https://solanart.io/search/?token=7n8UN5hgoi5nXTg7DsqKrkGZxJBEjUPM9ZG1f66RVE6y,Convicted,Yellow,None,None,Supreme Intelligence,None,Ice Beast Mask,,Base,
5365,10,1173,63.46,https://solanart.io/search/?token=HibPX1LYzUgTg3pWuELgKtqx9Tr4FeFwqfyhvCyLcaer,Silver Knight,Green,Boxing Gloves,White Force,Annihilating Power,Emerald Smasher Teeth,Emerald Spine,,Scaly,
5388,9.99,4368,49.07,https://solanart.io/search/?token=2YZjisQJsWZxkdWNqArhKUuStPHqiDonJ326WEGuXTf6,Bullet Belt,Crystalline Cave,None,Neon Shades,Supreme Intelligence,Bubble Gum,Sombrero,,Base,
5391,10,2582,57.07,https://solanart.io/search/?token=A5YB97rwostjvYGrQ9pEZF4QMEczKtf6MQ2hCKEXYomW,None,Blue,Rainbow Cuban,Analysis,Unbreakable Defense,Emerald Smasher Teeth,Red Stones Mohican,,Yellow Energy,
5409,42,292,0,https://solanart.io/search/?token=B1KopNvHvRySBffshski1xiWonxWVVvsfQZ1ty67cx2,Red Spartan,Dangerous Laboratory,Tribal Necklace,Coins,Supreme Intelligence,Rude Tongue,Elder Mushroom Colony,,Black Obsidian,
5427,39,185,0,https://solanart.io/search/?token=9vBQ3yKVXe8WU5Bc7KgSdEDcE2JgaP8L7kDu8eiGiLmR,Golden Knight,Unexplored Mine,GM,None,Unbreakable Defense,Crude Ogre,Skeleton Mask,,Gold,
5432,50,3063,0,https://solanart.io/search/?token=C2cqJoDNxMWdaeSkm147HwFR3LEWFRzZmVZYaAaupCUD,Red Spartan,Peach,None,Lost Eye Patch,Supreme Intelligence,Rude Tongue,Emerald Spine,,Mossy,
5524,15,881,14.79,https://solanart.io/search/?token=4fGvSVZyrMa7NLiN5qwtQPMyFT8fy5ax3eHnwahUx85J,War Belt,Enchanted Forest,GM,Green Force,Annihilating Power,Emerald Smasher Teeth,None,,Lava,
5528,10.8,1576,53.63,https://solanart.io/search/?token=7XfdGR7vMhZnMUGYt12yfNfpwoMXmG9ZsCXFBTQPEQ2s,War Belt,Endless Grove,Tribal Necklace,Coins,Supreme Intelligence,Sparse Teeth,Safari Hat,,Scaly,
5544,10.5,4745,42.27,https://solanart.io/search/?token=AEHbLkZBtvR7gXeeRc2Hfwa9Fe1zbWns9MG9dFq1h2sE,Unchained,Black,None,White Force,Supreme Intelligence,Bubble Gum,Emerald Spine,,Yellow Energy,
5548,9.89,6489,40.46,https://solanart.io/search/?token=Crg6w14MUHzTAWV8eAyCVdSRmTtiFvBpqVEZHBVVWZX8,None,Green,Silver Cuban,ThugLife Shades,Annihilating Power,Tartar Dentures,Degen Hat,,Base,
5558,9.8,867,66.85,https://solanart.io/search/?token=ERNqXLM8fExdRLQoyyuXjaqV9Ek6yAQ3MPwSNLcc7PDY,Crystals Collector,Terrifying Grotto,Golem Head,ThugLife Shades,Annihilating Power,Bubble Gum,Arachnid Colony,,Grey Marble,
5600,13,1249,33.12,https://solanart.io/search/?token=8tC8tsPfkgYa8dYUZRoGWnsmYv1Vbm9ym4SATQ8fKqh2,Convicted,Unexplored Mine,GM,Lost Eye Patch,Unbreakable Defense,Tartar Dentures,Sombrero,,Red Rock,
5612,10.8,1813,52.56,https://solanart.io/search/?token=GMb1gzeKcm6Qhne7MU6o6pxDkuj1tUxUv3d7V1WSWq1q,Silver Knight,Enchanted Forest,Skull Necklace,Red Force,Supreme Intelligence,Sparse Teeth,Elder Mushroom Colony,,Base,
5639,8.888,1504,73.08,https://solanart.io/search/?token=31WPBdqVRLF1LAeBSHqajieggsEXHiBY8fU71N5tuvuv,Crystals Collector,Dangerous Laboratory,Boxing Gloves,Red Force,Supreme Intelligence,Sabertooth,Emerald Spine,,White Quartz,
5657,55,6453,0,https://solanart.io/search/?token=BEPpyGDJDtZ78DSESLhVEDGonnmY3rFoPfpsyyRfdNjg,Crystals Collector,Purple,None,Blue Force,Unbreakable Defense,Sabertooth,Bird Family,,Black Obsidian,
5676,15,616,15.99,https://solanart.io/search/?token=63xtvQCQXJygozXCiP9RjBkJ1Na5ZmUFqSuy1dP5mYHX,Crystals Collector,Solana,Sherlock O'Clock,3D Glasses,Supreme Intelligence,Bubble Gum,Bird Family,,Scaly Albino,
5686,10,5626,43.27,https://solanart.io/search/?token=BmUofdYKg8tiJ3vbtQV1ghWbKKRS8fYHTiuC1aVkNsg1,Bronze Knight,Unexplored Mine,None,White Force,Annihilating Power,Tartar Dentures,Emerald Spine,,Mossy,
5708,25,7436,0,https://solanart.io/search/?token=HsC9wbJd3gYdKfxwnfdYVp6nGJar6XpdGbDMR7CwRnXd,None,Crystalline Cave,None,White Force,Supreme Intelligence,Sparse Teeth,Red Stones Mohican,,Emerald,
5712,1025,7549,0,https://solanart.io/search/?token=AmihhAUrTjWqCoAX9uMVtnP3dR7TX8JZvfDizurntpEo,None,Endless Grove,None,None,Unbreakable Defense,Bushy Beard,Buccaneer Hat,,Glacial Ice,
5749,12,2663,36.71,https://solanart.io/search/?token=654tkVQVLtVAivjrAudRd9o2PvDYhxBDqSmJ46PZKdzM,RG Brawl,Peach,None,Subatomic Goggles,Annihilating Power,Bushy Beard,Sombrero,,Yellow Energy,
5802,8.5,7037,51.87,https://solanart.io/search/?token=BbKSNHtw1Vv4qhvdH7fUAgz93qMGoEYgW1XvpuXR9sXG,None,Endless Grove,None,Red Force,Supreme Intelligence,Sparse Teeth,Arachnid Colony,,Flubber,
5811,7,5351,74.52,https://solanart.io/search/?token=HSERXBghTo8UKJ6FgfTCpWvbNjixLYo4RnnrD7K9n72J,Silver Knight,Black,None,Subatomic Goggles,Annihilating Power,Human Teeth,Sombrero,,Mossy,
5816,100,5783,0,https://solanart.io/search/?token=7oJFF1WHmgevWZ7c8W4Gw35PVZDTXgSdULVhvTDdTFTz,Bullet Belt,Yellow,None,3D Glasses,Supreme Intelligence,Crude Ogre,Sombrero,,Lava,
5822,10,7473,34.9,https://solanart.io/search/?token=F6Ncs81Dnwqv83vX77RD4HqD6dxCGRxTi1QEfdhe9zVC,None,Green,None,Purple Force,Supreme Intelligence,Emerald Smasher Teeth,Bird Family,,Glacial Ice,
5824,100,8206,0,https://solanart.io/search/?token=9Vbd1i7fyoczyfcpwiU6N6DnXXkjkZnVSZdvhT7PwPmv,None,Yellow,None,White Force,Unbreakable Defense,Volcano Melter,Buccaneer Hat,,Mossy,
5899,25,763,0,https://solanart.io/search/?token=9WhjffZTgaNZx9QxxpKhodKhxeKi1BMAqn96QMdGPHGy,Convicted,Enchanted Forest,Padlock,Coins,Supreme Intelligence,Volcano Melter,Red Stones Mohican,,Muddy,
5912,125,2050,0,https://solanart.io/search/?token=7RLni7XizQmKKYbW7gnAyUVnxaRVN1dYGtFq4uWeFsLZ,None,Endless Grove,Solana Iced Out,Green Force,Supreme Intelligence,Tartar Dentures,Safari Hat,,Muddy,
5927,9.5,5518,48.76,https://solanart.io/search/?token=F4i4CAp4se8R2uVNJQY2cADC8RxmckvhKh1QFsAQjTVQ,Skeleton,Grey,None,Green Force,Annihilating Power,Sparse Teeth,Safari Hat,,Glacial Ice,
5950,19,2368,0,https://solanart.io/search/?token=9kE6VfcWaJMwxBQrR2opZqrP8iXNGcqrMhxsN9gus6TS,None,Purple,Rude OG,White Force,Unbreakable Defense,Tartar Dentures,Arachnid Colony,,Yellow Energy,
5966,50,2163,0,https://solanart.io/search/?token=FWAkMgqk7ykMLRDdviQoftnxdc5PNeoQhrTkVijRDb2r,Inner Reactor,Terrifying Grotto,None,Hijacked,Annihilating Power,Human Teeth,Outlaw Hat,,Base,
5971,15,1023,14.14,https://solanart.io/search/?token=EVA1QcziCZt9wVuKM3Gexw9e3ZY4Hgbhpm3uFS5TQ2Xg,Convicted,Crystalline Cave,Silver Cuban,3D Glasses,Annihilating Power,Mustache,Safari Hat,,Emerald,
5975,50,2807,0,https://solanart.io/search/?token=3FVVhHEygTva9VhofprMQjrCMpp5VYVfLVRNZHBhqz2W,Inner Reactor,Peach,None,ThugLife Shades,Annihilating Power,Crude Ogre,Bird Family,,Base,
6076,12.3,3643,29.26,https://solanart.io/search/?token=B1PeQb2uQffkrveHochYfbvqfX5hjsQVnwYuHGU8fqRn,Unchained,Aquamarina,None,Analysis,Annihilating Power,Bloodthirsty Teeth,Buccaneer Hat,,Yellow Energy,
6081,9,3337,63.65,https://solanart.io/search/?token=8GVWUUG39CyKSyVNVN1ahP1q29qF2PdabVYyYX9dP5xb,Unchained,Black,Tribal Necklace,None,Unbreakable Defense,Human Teeth,Red Stones Mohican,,Grey Marble,
6089,8.3,1811,77.57,https://solanart.io/search/?token=83zwBSYCZQ2qsTXDDj15CXpLEDdo5iRpkbVbmBFBcr7x,Crystals Collector,Black,Silver Cuban,Hijacked,Unbreakable Defense,Human Teeth,Outlaw Hat,,Flubber,
6131,10,466,66.67,https://solanart.io/search/?token=9LDqHNLDjsYW6ppZccfJTLmLxzjXEP4urWhWhSEfndv1,Convicted,Raging Volcano,Golem Head,Hijacked,Supreme Intelligence,Monster,Buccaneer Hat,,Flubber,
6134,12,2908,35.59,https://solanart.io/search/?token=A4hHBJPMU4ZjkD7tJyAxgHTqNeJXvNnGtwPGCtse3foT,None,Endless Grove,GM,Purple Force,Supreme Intelligence,Bloodthirsty Teeth,Solana Bucket Hat,,White Quartz,
6141,16,239,7.7,https://solanart.io/search/?token=FPyXpMCTTvAobFYvumyayLQGVm2P4vsjUCmz1A4hVrWZ,Golden Knight,Green,Golem Head,Green Force,Unbreakable Defense,Pink Iced Out Grillz,Halo,,Rainbow,
6153,8,2966,75.33,https://solanart.io/search/?token=2kB12WFfh4LRzqT9aes6D2kNBU9uReihjd5knQdqe8uK,None,Unexplored Mine,Boxing Gloves,Subatomic Goggles,Annihilating Power,Volcano Melter,None,,Grey Marble,
6191,9.8999,3126,55.61,https://solanart.io/search/?token=3PQTxSi7dpS3KWgcyWcVim7DcxfotGBWvcYTGBBq2dFd,War Belt,Rocky Cliff,None,Neon Shades,Supreme Intelligence,Rude Tongue,Arachnid Colony,,Lava,
6208,7.5,7708,58.83,https://solanart.io/search/?token=7pAsk9sfHVnftHjQ3631Sz76PeySohZp4KKAb6nbD4gw,None,Crystalline Cave,None,3D Glasses,Unbreakable Defense,Cigarette,Emerald Spine,,Black Obsidian,
6224,10,7712,33.81,https://solanart.io/search/?token=Dp42UN1tabhwKBc1XS1CZa7jDEf9EisBd9WdB9epzCTF,None,Purple,None,Subatomic Goggles,Supreme Intelligence,Crude Ogre,Buccaneer Hat,,Scaly,
6232,9,3648,62.24,https://solanart.io/search/?token=A6Kt4TnteSBn5XyA1embRJVPN2RTathCPgA1GJrjgb52,Solana Bulletproof Vest,Peach,None,None,Supreme Intelligence,Crude Ogre,Skeleton Mask,,Rainbow,
6261,40,107,0,https://solanart.io/search/?token=5T6A6mxgosRUJ9naperVw4j6vCLYBEobzw7hKz2S1gYa,Silver Knight,Raging Volcano,GM,None,Unbreakable Defense,Rude Words,Skeleton Mask,,Flubber,
6281,20,973,0,https://solanart.io/search/?token=GgRWe9tQFaiAT9hjkytQmddPmtb6wR8HAMni4uoRKVnH,Golden Knight,Peach,Tribal Necklace,None,Unbreakable Defense,6ixn9ne Rainbow Grillz,Demon Helmet,,Lava,
6291,8,4362,69,https://solanart.io/search/?token=a8XXnVnD7oX4T8tGmsjzNBRrZZkeJ5jZZFnbUeWEigM,None,Unexplored Mine,Silver Cuban,Neon Shades,Supreme Intelligence,Human Teeth,Emerald Spine,,Yellow Energy,
6330,10,4077,50.29,https://solanart.io/search/?token=4exy3md2ifsbctZUZzFjV9AomfvM58hHVnoDbF7w4Jz2,None,Dangerous Laboratory,Boxing Gloves,Hijacked,Supreme Intelligence,Crude Ogre,Sombrero,,Black Obsidian,
6332,15,650,15.83,https://solanart.io/search/?token=8DnAPDFRXcnkrkmzNQYQNMZUf1WQNDZr4Bf5YcQQQLmW,Silver Knight,Solana,GM,Coins,Unbreakable Defense,Cigarette,Emerald Spine,,Emerald,
6336,9.99,1926,60.15,https://solanart.io/search/?token=2S4yGCzkKRhUJ38VmeT2Zmq9UxVPjoJfCghfmJ3NNfd3,Crystals Collector,Green,Tribal Necklace,Cyclop,Supreme Intelligence,Emerald Smasher Teeth,Buccaneer Hat,,Muddy,
6351,7,4857,76.76,https://solanart.io/search/?token=8aE3Zfrkbvm7GuV2b9NVtoxG3cmbVte7mPXnX5aUXPTm,None,Terrifying Grotto,Skull Necklace,Green Force,Supreme Intelligence,Volcano Melter,Blue Crystal,,Base,
6355,11,3323,43.71,https://solanart.io/search/?token=CauNP3R3ikGjXGZSAsQSnjVRAMxG3T62QTJxewhwheAC,Crystals Collector,Grey,None,Purple Force,Annihilating Power,Solana Bandana,Emerald Spine,,Emerald,
6389,12,649,45.84,https://solanart.io/search/?token=8eaup4MVzxwTVac4JuxbSyo1UMHff9tAbjUCegz8x1Ya,Silver Knight,Solana,GM,Cyclop,Unbreakable Defense,Bloodthirsty Teeth,Emerald Spine,,Glacial Ice,
6401,9,3325,63.7,https://solanart.io/search/?token=EKtBsLRRXsgVr9qoaGFja6rVdrVkejf985AM99Zz51K1,None,Peach,6ix9ine Iced Out,Analysis,Supreme Intelligence,Sabertooth,Sombrero,,Lava,
6417,25,856,0,https://solanart.io/search/?token=CsDTqoPBz2KA6AcZpytQw86stKsAdWfgEBE82G1pNgsZ,War Belt,Crystalline Cave,Silver Cuban,Cyclop,Annihilating Power,Emerald Smasher Teeth,Blue Crystal,,Lava,
6468,15,3890,1.14,https://solanart.io/search/?token=3fGV61rCSvAzEubkwdg4iycZDSB9Yh87TRnacQ6cMmrw,Unchained,Unexplored Mine,None,Coins,Unbreakable Defense,Emerald Smasher Teeth,Buccaneer Hat,,Black Obsidian,
6478,7.5,4824,71.91,https://solanart.io/search/?token=4LWEStPfT29eEVzaWok1FAt6HuaKSwx6aQvn9RQfQhnF,Crystals Collector,Grey,None,ThugLife Shades,Annihilating Power,Sparse Teeth,Crown,,Mossy,
6480,15,1910,10.12,https://solanart.io/search/?token=6aPMUXUaztBrpEoVqg1KfgBK11fT3ULH5THZTgDvj2K6,Convicted,Dangerous Laboratory,Sherlock O'Clock,Neon Shades,Supreme Intelligence,Tartar Dentures,Sombrero,,Muddy,
6495,8.864,4957,57.66,https://solanart.io/search/?token=2Qpdj67RLXqt2nTUptpQHd6mc2iwsbedZ7QnujV9Uxtw,War Belt,Blue,None,Lost Eye Patch,Supreme Intelligence,Crude Ogre,None,,Glacial Ice,
6501,7,7216,66.06,https://solanart.io/search/?token=9hNmYn6QdD51d2hW5ZVAp7BBFS1YHVraX1iUMZjf56rX,None,Aquamarina,None,Red Force,Unbreakable Defense,Monster,Bird Family,,Red Rock,
6536,8,8433,50.54,https://solanart.io/search/?token=6o8rcE2t5uibf2z85iNoJTA9QgroHG76gSkiXxqNyRcC,None,Aquamarina,None,Hijacked,Supreme Intelligence,Human Teeth,Buccaneer Hat,,Mossy,
6543,9,6784,48.02,https://solanart.io/search/?token=5ffbYn6ZoaC43AxjYnAx8N1Sa64suonVua4AJ8EexbXm,None,Purple,None,Hijacked,Annihilating Power,Reptilian Tongue,Degen Hat,,Rainbow,
6565,9,3139,64.55,https://solanart.io/search/?token=2oREz118SafxuKpe7n8HNRtk78RVE4ybWCEBKhDcneXc,Skeleton,Peach,None,Lost Eye Patch,Unbreakable Defense,Crude Ogre,Arachnid Colony,,Purple Energy,
6569,20,3620,0,https://solanart.io/search/?token=7yzaT1Nn2kCr8GxTEGSUfuupt9oWKC1v42KwginmyyCt,None,Peach,Golem Head,Neon Shades,Unbreakable Defense,Cigarette,Solana Bucket Hat,,Black Obsidian,
6574,20,2830,0,https://solanart.io/search/?token=7Lt3bHpZxL7YUBxXB8v2nnYD8gK4hZfu73paNMKdFk7u,Convicted,Dangerous Laboratory,None,None,Unbreakable Defense,None,Gold Bullish Helmet,,Mossy,
6599,18,2629,0,https://solanart.io/search/?token=Gg3H5naAqfkQTk85NPEXNimzhrn6dkcMEbM5FyzYGP3h,Convicted,Dangerous Laboratory,None,None,Annihilating Power,None,Gold Bullish Helmet,,Grey Marble,
6636,8.5,5073,60.78,https://solanart.io/search/?token=F4cWCEddy6SsAKf64fRR7FUD7r5Pxw8ya89Fh11JWqid,Skeleton,Grey,None,ThugLife Shades,Unbreakable Defense,Human Teeth,None,,Scaly,
6644,19.5,170,0,https://solanart.io/search/?token=XgVzdRTQgMxQKUAFvN4fpBPqCb2GRZxZ5jQQrF1LvCf,RG Brawl,Grey,Golem Head,Purple Force,Unbreakable Defense,Solana Bandana,Degen Hat,,Flubber,
6645,75,90,0,https://solanart.io/search/?token=9hAcax3beJLnXXHT9mXT64CtXYrcZRPPboBitXYvEe2k,Silver Knight,Grey,Boxing Gloves,Laser Beams,Unbreakable Defense,Volcano Melter,None,,Purple Energy,
6649,45,6275,0,https://solanart.io/search/?token=BxutwLxYjN192Xtb8PEA8pNiFiWKEXaKdm3vDG4yTJbq,None,Crystalline Cave,None,None,Unbreakable Defense,None,Gold Bullish Helmet,,Base,
6670,8.5,3340,68.64,https://solanart.io/search/?token=BANYbvbtVJEQk5CDFcPP6NPSaavjCYvSVBb5JJenRpu4,Silver Knight,Endless Grove,None,Green Force,Unbreakable Defense,Human Teeth,Degen Hat,,Rainbow,
6687,15.99,5130,0,https://solanart.io/search/?token=53DgU4emXDaZ5Z2FZjfLrPfURzDZZJSKB58opoqhzvoQ,None,Grey,GM,Coins,Annihilating Power,Sabertooth,Emerald Spine,,Lava,
6699,10,6169,40.81,https://solanart.io/search/?token=BFw4CmCjw6ykwQ5KBhQkTn36oADfBQnvMuGXq59QFQQ3,None,Enchanted Forest,None,3D Glasses,Annihilating Power,Emerald Smasher Teeth,Outlaw Hat,,Purple Energy,
6766,100,413,0,https://solanart.io/search/?token=64nG5QvJVdBiNz2SQEs4fAwnnb6oamX8LAF7v3kBb5mg,War Belt,Solana,Padlock,Coins,Unbreakable Defense,Volcano Melter,None,,Grey Marble,
6790,10.7,2511,50.39,https://solanart.io/search/?token=9Vmx2jK5MCyxHSqaJcrqVVqHSktwhmX9zYvvQUkUEBRh,Crystals Collector,Purple,Silver Cuban,Subatomic Goggles,Annihilating Power,Sparse Teeth,None,,Scaly,
6821,14,5547,3.63,https://solanart.io/search/?token=D3CJp7GHNq5G17ZZqRq5y9Qud9R7ruKmcJE5Up3HYToA,None,Grey,Silver Cuban,Cyclop,Unbreakable Defense,Rude Tongue,Degen Hat,,Grey Marble,
6833,14,631,25.92,https://solanart.io/search/?token=BoYTmx7VyT8VjYjSt5qaBEHWwbmCrtGPkHstFxPBLxaZ,Bullet Belt,Raging Volcano,Tribal Necklace,Red Force,Unbreakable Defense,6ixn9ne Rainbow Grillz,None,,Red Rock,
6846,20,6437,0,https://solanart.io/search/?token=VGkUtUNdd4PsEn3XwUFhDi4hVdoDpRNejpYasCzJgmo,Bullet Belt,Black,None,Red Force,Unbreakable Defense,Sparse Teeth,Sombrero,,Grey Marble,
6852,15,369,17.11,https://solanart.io/search/?token=2t6kDX4Dgs72n3ifMWvjJrWCuMXD9wpDcfYVNWZRq7WY,Cyborg,Terrifying Grotto,Boxing Gloves,Green Force,Supreme Intelligence,Emerald Smasher Teeth,Outlaw Hat,,Mossy,
6863,8.5,2927,70.51,https://solanart.io/search/?token=DcHyF53s7XW2NhwfiouUb368Pb1urCbGUjQRUTRAKq5H,Bronze Knight,Unexplored Mine,None,Lost Eye Patch,Unbreakable Defense,Emerald Smasher Teeth,None,,Purple Energy,
6879,29,3860,0,https://solanart.io/search/?token=91tLAwsjqBAEu3AKWNZtKhVYeG5AyebLaRtE61NQ6d2D,Red Spartan,Peach,None,Green Force,Supreme Intelligence,Tartar Dentures,Safari Hat,,Muddy,
6959,30,2459,0,https://solanart.io/search/?token=AZonjx2djzbFqt7r49DyeJjBJhhVFxT4fxH9GtcwwAc6,Skeleton,Black,Silver Cuban,Purple Force,Supreme Intelligence,Rude Tongue,Emerald Spine,,Black Obsidian,
6976,9.5,3211,59.22,https://solanart.io/search/?token=Dtiy47iLznrf2jvNbUUzgrPEaa5DQuX6jEKihD9orQw,None,Enchanted Forest,Sherlock O'Clock,Hijacked,Supreme Intelligence,Sparse Teeth,Blue Crystal,,Rainbow,
7005,50,6898,0,https://solanart.io/search/?token=CCs842BMq7mjA8VYL62xr3o2ZbdTtAvj9htY3PWtzHnC,None,Peach,None,Purple Force,Annihilating Power,Bloodthirsty Teeth,Halo,,Rainbow,
7036,12,2174,38.92,https://solanart.io/search/?token=DwSXTDcDMhAnkWWqpvo6fhjNva2p4ezUwoM1VgMEA7r5,Bullet Belt,Blue,Sherlock O'Clock,Lost Eye Patch,Unbreakable Defense,Cigarette,Safari Hat,,White Quartz,
7060,20,108,0,https://solanart.io/search/?token=A2VSxJHFReWKfAZNNV6NkkSm1Nfwcm4htxMoN9CA5nhG,Golden Knight,Solana,Skull Necklace,None,Supreme Intelligence,None,Gold Bullish Helmet,,Yellow Energy,
7074,25,1194,0,https://solanart.io/search/?token=E6qBwheXM8whAAxZaWvvrhRxUaQ2on8FaRt6ZnwpxFML,Silver Knight,Solana,Boxing Gloves,Blue Force,Supreme Intelligence,Rude Tongue,None,,Grey Marble,
7095,35,1890,0,https://solanart.io/search/?token=HDNMmsVCpFTYp4nqGgTPj7yweEGhaRBwWN1qMoz4MbSp,Unchained,Rocky Cliff,None,None,Unbreakable Defense,Pink Iced Out Grillz,Skeleton Mask,,Gold,
7128,10,4164,49.9,https://solanart.io/search/?token=24ESVxcufJuYXcTKBVeoUbmV7C3pZEF5qvSBnYsDEzXv,Solana Bulletproof Vest,Endless Grove,None,None,Supreme Intelligence,Volcano Melter,Skeleton Mask,,Base,
7141,404,30,0,https://solanart.io/search/?token=3kpSbpTf1w1xmN9QQ9cJWLctriQwfj5HtfUcJKT8FGUd,Silver Knight,Purple,GM,None,Unbreakable Defense,None,Ice Beast Mask,,Jelly Skelly,
7153,9.37,1703,67.36,https://solanart.io/search/?token=9hL9EiMYovrrYzqjFqjb2RbbFcEALAARWSvNiDdGLvc1,Bronze Knight,Yellow,6ix9ine Iced Out,Red Force,Supreme Intelligence,Bubble Gum,Buccaneer Hat,,Base,
7155,20,2282,0,https://solanart.io/search/?token=9BhLGWnF4J1LtJWNFWHKLnyDSEWGXemQAvLJgdB1y6Vn,Cyborg,Green Pillars,None,White Force,Annihilating Power,Reptilian Tongue,Sombrero,,Scaly,
7183,10,5167,45.35,https://solanart.io/search/?token=AUiU556pJMrvc8XgULehLQS3R4oTEvM9E2RJ8aSKnDXe,None,Rocky Cliff,Sherlock O'Clock,None,Supreme Intelligence,Sparse Teeth,Buccaneer Hat,,Scaly Albino,
7203,9,2492,67.48,https://solanart.io/search/?token=5nBwxgFkiysHmWrAzrBr7auT5jR5CsyfukS9w4uWEwW9,Silver Knight,Grey,Sherlock O'Clock,Purple Force,Annihilating Power,Tartar Dentures,Buccaneer Hat,,Lava,
7242,8,6539,59.13,https://solanart.io/search/?token=37Qc2uXtL4MaQW6jFGsxGuE4e7NTMAYMMjCjtt3tEzu5,Convicted,Green,None,Red Force,Unbreakable Defense,Cigarette,Blue Crystal,,Black Obsidian,
7246,30,3667,0,https://solanart.io/search/?token=Fp1QRnQ7kkopue1vbpokw1cbgmcdP9YLZr4Ccq9EEgWF,Crystals Collector,Black,None,Laser Beams,Supreme Intelligence,Sabertooth,None,,Base,
7263,21,3920,0,https://solanart.io/search/?token=6byjNPukQ8uuR3FnXuW8sVWLkJqJGyTxkdbQj5shwMFA,None,Aquamarina,GM,Coins,Unbreakable Defense,Monster,Buccaneer Hat,,White Quartz,
7277,8.9,3417,64.29,https://solanart.io/search/?token=7bQ5FxBA2PZioT3psrESpnEVPMmwSNdQJVDtfJ3ZVNXA,Solana Bulletproof Vest,Grey,None,Red Force,Unbreakable Defense,6ixn9ne Rainbow Grillz,Safari Hat,,Base,
7308,12,5958,21.77,https://solanart.io/search/?token=EfoxU2LT1YM3nVrArUhn9DxR2WyBuihD5LsjrSB8cZ9Z,None,Black,Silver Cuban,Neon Shades,Supreme Intelligence,Bubble Gum,None,,Black Obsidian,
7353,20,306,0,https://solanart.io/search/?token=A3GFjCPxmpNBhQGeXWpnCTqhdXxm9YAmoLSkmkao5QS3,Skeleton,Raging Volcano,Boxing Gloves,Analysis,Supreme Intelligence,Mustache,Degen Hat,,Black Obsidian,
7376,9.99,6926,37.48,https://solanart.io/search/?token=Dgykzf5pAGfHUHuJr5DfrwjSDJ7WtEuJtJzB8Awxy6oL,None,Crystalline Cave,None,None,Annihilating Power,Bloodthirsty Teeth,Demon Helmet,,Rainbow,
7389,250,1928,0,https://solanart.io/search/?token=F6yvMFqb4dRJtkiyk9kCwA7jXafwxwEQ5Lag6S3N46A7,War Belt,Purple,None,ThugLife Shades,Supreme Intelligence,Tartar Dentures,Buccaneer Hat,,Jelly Skelly,
7404,23,5743,0,https://solanart.io/search/?token=EpTj2RtQuLjUk1qssL4Uyi9XgcCQxWgkyC7nzsAnjWhD,War Belt,Purple,None,3D Glasses,Unbreakable Defense,Crude Ogre,Buccaneer Hat,,Black Obsidian,
7417,11,1016,54.17,https://solanart.io/search/?token=3UtrpKWuPS1ygV5fQuA27Ahsr5UpPZbEJrrj8G8RGe3P,Convicted,Yellow,Rainbow Cuban,Coins,Supreme Intelligence,Crude Ogre,Elder Mushroom Colony,,Emerald,
7454,12,1393,42.46,https://solanart.io/search/?token=2Tw9fhfANfvAMdzedSDBzKyvjTiA8Sxt2ivahX71EKNM,Golden Knight,Blue,Skull Necklace,3D Glasses,Annihilating Power,Bubble Gum,Outlaw Hat,,Base,
7483,10,1493,62.01,https://solanart.io/search/?token=4wepBLhRz2uSfQAJZTQibx8Aa7yvC6iu6QLXgVYihFR6,Convicted,Terrifying Grotto,Golem Head,None,Supreme Intelligence,Cigarette,Demon Helmet,,Glacial Ice,
7505,9.89,2369,59.14,https://solanart.io/search/?token=5AxJ6qvJFFDJMTfe7KahfW6nD3Nm5VwqR4devLHgp2Wg,Convicted,Yellow,Tribal Necklace,Red Force,Annihilating Power,Bloodthirsty Teeth,Red Stones Mohican,,Red Rock,
7537,9.99,1466,62.23,https://solanart.io/search/?token=9Hg876yBMwgvLSAEs2Py65RGWwbQHfk12Fjo7fX3yi4x,Crystals Collector,Black,GM,White Force,Unbreakable Defense,Pink Iced Out Grillz,Safari Hat,,Lava,
7548,28.5,6338,0,https://solanart.io/search/?token=gQNtGS8T1jQGMX4Gp1Q2wANNnUnjA7LcjsVqdAUid38,None,Aquamarina,None,None,Unbreakable Defense,None,Gold Bullish Helmet,,Red Rock,
7561,40,931,0,https://solanart.io/search/?token=DpHp9BZM3S8bCiA1Tq3Yi3hLk8jEoyk8LPS1qru3vpJn,Crystals Collector,Green,Boxing Gloves,Purple Force,Supreme Intelligence,Bushy Beard,Halo,,Glacial Ice,
7590,89,3338,0,https://solanart.io/search/?token=6vi951msdanur4d4J789LMDBeVdi5i36qCfTMfuLA9Jb,None,Purple,6ix9ine Iced Out,None,Annihilating Power,6ixn9ne Rainbow Grillz,Arachnid Colony,,Scaly,
7607,9.5,6761,43.12,https://solanart.io/search/?token=3hdK8uBajAqjHXmfDFjfjVC2bEAG4MJboXpgtG2WpCm6,None,Green Pillars,None,Lost Eye Patch,Unbreakable Defense,Tartar Dentures,Crown,,Muddy,
7618,11,545,56.31,https://solanart.io/search/?token=EF7Nk3Y6XQnAqB8cQ72CEXS96a81sf13Tp5wZTjKt8Fd,Bronze Knight,Aquamarina,Rainbow Cuban,Neon Shades,Annihilating Power,Monster,Halo,,White Quartz,
7656,8,6190,60.71,https://solanart.io/search/?token=G258imFVRvepaqp1kkviDdjKyCeG2bzLRfan4gH2GvVT,Bullet Belt,Black,None,ThugLife Shades,Unbreakable Defense,Tartar Dentures,Blue Crystal,,Muddy,
7663,80,4865,0,https://solanart.io/search/?token=2QrZHMaMXZRKPYDiiYVErzBAiHHosEB3zX4a9vQUKVqP,RG Brawl,Yellow,None,Green Force,Annihilating Power,Cigarette,Sombrero,,Base,
7668,9.99,5272,44.98,https://solanart.io/search/?token=8uT6TBbsSxGq2zuqxrGRDcb8iHzf1wsJ2CbFr9GfkodK,None,Unexplored Mine,None,ThugLife Shades,Annihilating Power,Reptilian Tongue,Halo,,Rainbow,
7675,10,8243,31.41,https://solanart.io/search/?token=DJqmBFSXKjLnf9nw131kfosh29ceGHwj3QC3KgAaLpBj,None,Enchanted Forest,None,None,Supreme Intelligence,Human Teeth,Demon Helmet,,Grey Marble,
7684,8.9,8019,43.42,https://solanart.io/search/?token=5g62pQA45aBfW56WygiD3iEZSFC8pAc7ewRymQhjPHb2,None,Blue,None,Green Force,Supreme Intelligence,Sparse Teeth,Crown,,Black Obsidian,
7691,10,2669,56.68,https://solanart.io/search/?token=CxgixpyGTbWDAbwLFRfJSFdvF9ZcgSzvkbMV4kH5nRgo,Solana Bulletproof Vest,Unexplored Mine,None,White Force,Unbreakable Defense,Volcano Melter,Red Stones Mohican,,Glacial Ice,
7699,29,305,0,https://solanart.io/search/?token=457agMUhr6GfnDG97asUhshGoWtCpKyPfQCqFWggkoe5,Skeleton,Blue,GM,White Force,Supreme Intelligence,Rude Words,Emerald Spine,,Base,
7726,20,7435,0,https://solanart.io/search/?token=Cxxv93N5t3ePLntNLbDUKxUbDsdVFyZZKc19D5B2QrSa,None,Endless Grove,None,Green Force,Annihilating Power,Tartar Dentures,Safari Hat,,Flubber,
7751,9.2,6279,48.31,https://solanart.io/search/?token=yZZwujPmhw39oRxo7VYYCBcvYPCkaQdeY1K4NNcQEvu,None,Dangerous Laboratory,None,Cyclop,Supreme Intelligence,Sparse Teeth,Halo,,Rainbow,
7795,32,3106,0,https://solanart.io/search/?token=C3uAoKxTGXTLESrgKGiynMDo2iaVpsofT9yKNWQ8M9GL,Inner Reactor,Peach,None,Coins,Annihilating Power,Tartar Dentures,None,,White Quartz,
7812,24,8564,0,https://solanart.io/search/?token=29c3nbAvbhavwjXJG9yGvh7gBNVdKKoqjc9EGmJWqaq8,None,Peach,None,None,Annihilating Power,Cigarette,Demon Helmet,,Scaly,
7849,16.25,3912,0,https://solanart.io/search/?token=2NzsBjvoVwaj4ALVYdcHJnv1RGFY9215gWzgDEMTrGDa,None,Peach,Tribal Necklace,None,Annihilating Power,Solana Bandana,Demon Helmet,,Scaly,
7873,11,2409,47.86,https://solanart.io/search/?token=3ktmjb5yQz76aQwCZy7oLKsLR4HQACyNRHv1FRdeNNEH,Convicted,Aquamarina,Tribal Necklace,Purple Force,Annihilating Power,Mustache,Buccaneer Hat,,White Quartz,
7874,12,667,45.76,https://solanart.io/search/?token=CE1wxYP1AFAsGW1bFz5SSLx9vRir96Jw3rzQSL5Vubcb,Crystals Collector,Green,Golem Head,Lost Eye Patch,Annihilating Power,Banana,Solana Bucket Hat,,Flubber,
7905,30,642,0,https://solanart.io/search/?token=3xExC8R4rRAyjtgaU81r5W6DEpuLANs3hki1VLpRAWjg,Bronze Knight,Grey,Rude OG,Blue Force,Unbreakable Defense,Mustache,Degen Hat,,Base,
7917,8.97,888,75.05,https://solanart.io/search/?token=EpnbcybLiEwPTDG5B5aNefbQaYMjRZYN8hwCZtHJwtCs,Skeleton,Solana,Sherlock O'Clock,3D Glasses,Unbreakable Defense,Bloodthirsty Teeth,Emerald Spine,,Scaly,
7926,45,69,0,https://solanart.io/search/?token=DJtKTuLG6voqp1VqkkEor1smn71o4VUVvZK1qKH1KV1j,Solana Bulletproof Vest,Dangerous Laboratory,GM,Coins,Annihilating Power,24k Grillz,Arachnid Colony,,Grey Marble,
7942,10,4511,48.33,https://solanart.io/search/?token=Akg7kubCiKcEcXHJDHC5aEzRVRsayJaTZgSmWwB46Pc,None,Peach,Golem Head,White Force,Supreme Intelligence,Bloodthirsty Teeth,Safari Hat,,Glacial Ice,
7960,20,3785,0,https://solanart.io/search/?token=8STBPoJHKLiTr8r3DMmgMkBAnJECDxm25ZT1Jb7hxCwM,War Belt,Black,None,Lost Eye Patch,Annihilating Power,Banana,None,,Purple Energy,
7965,22,280,0,https://solanart.io/search/?token=FPNAaSbMS7X16X7F7e6wQZeckARxkjVFc7ZH5NmmnN6z,Bullet Belt,Aquamarina,Skull Necklace,Analysis,Unbreakable Defense,Monster,Crown,,White Quartz,
7973,9,1506,71.95,https://solanart.io/search/?token=A6ueda1vi4DKTHxxdbGj68gimT9M5XDcaCLM39GztMAU,Bronze Knight,Solana,Silver Cuban,Coins,Supreme Intelligence,Tartar Dentures,Elder Mushroom Colony,,Yellow Energy,
8015,8,3601,72.45,https://solanart.io/search/?token=FcKXAUdbTAFRGSJbT59xk71EmH9SUiREPdue9aiX5XPw,None,Crystalline Cave,Padlock,Green Force,Supreme Intelligence,Sparse Teeth,Outlaw Hat,,Grey Marble,
8057,20,2664,0,https://solanart.io/search/?token=7M5k6DmWRFJ5cnJPFaZ3gskeMcJPx8jSjpxH3PBXNkAf,Skeleton,Grey,None,None,Unbreakable Defense,None,Ice Beast Mask,,Muddy,
8089,20,724,0,https://solanart.io/search/?token=HyUpXpKzBY2yPbkK5zsNQ9gS1aq2LwNbwBZcHxnSVrVj,War Belt,Black,Padlock,Lost Eye Patch,Annihilating Power,Bubble Gum,Red Stones Mohican,,Grey Marble,
8093,12,2956,35.38,https://solanart.io/search/?token=Euv52suwnBmbrtCiwGZRKVpWbjxBkinkufrF6yxuYCj5,Crystals Collector,Green Pillars,None,3D Glasses,Annihilating Power,Solana Bandana,Blue Crystal,,Mossy,
8117,8.3,2514,74.38,https://solanart.io/search/?token=e7X2nbUPoZziLdfSAi2p15ra758wtNUr8G9qWtWxxoA,Convicted,Purple,Sherlock O'Clock,Subatomic Goggles,Annihilating Power,Sparse Teeth,Buccaneer Hat,,Mossy,
8171,11,5369,34.44,https://solanart.io/search/?token=ChC3r24QwRbzSVR9WeEs98nwWtQs1XmcHRXzBJtzVYGD,None,Yellow,GM,Red Force,Unbreakable Defense,Sabertooth,Emerald Spine,,Lava,
8213,10,2104,59.24,https://solanart.io/search/?token=3t5pL1qTyFLBHbwVi23S5NWyvKHZkEiCF4bK5fq5EW8q,Unchained,Green,Silver Cuban,3D Glasses,Unbreakable Defense,Tartar Dentures,Degen Hat,,Yellow Energy,
8235,6.9,8622,60.69,https://solanart.io/search/?token=7BKoRUZmNy11ThDWTpxDKXQFNEz6WuaNCeZrKP7tGR2,None,Yellow,None,Purple Force,Annihilating Power,Bloodthirsty Teeth,Buccaneer Hat,,Mossy,
8282,7.9,4050,71.42,https://solanart.io/search/?token=69paN5s7jYwoRnmUH1oj6Afi7NgbdY9J4i53gupUHo2G,Convicted,Blue,None,Neon Shades,Supreme Intelligence,6ixn9ne Rainbow Grillz,Blue Crystal,,Grey Marble,
8311,13,2441,27.71,https://solanart.io/search/?token=26iyEAL1rstYRYvY7Zhz3o59Bqs9tEpcBvEaJppoU1SA,RG Brawl,Black,None,Cyclop,Unbreakable Defense,Bloodthirsty Teeth,Buccaneer Hat,,Purple Energy,
8316,19,3055,0,https://solanart.io/search/?token=5cpWfeqoTr1eSa5mhfriXUpsGwkwPKwwe2Fs9B2MTFQN,Golden Knight,Rocky Cliff,None,Purple Force,Annihilating Power,Cigarette,Arachnid Colony,,Yellow Energy,
8325,6.98,6191,70.91,https://solanart.io/search/?token=9fX12Fm6fqS11EFVZoSTxrFfGhMhYmS9SddDAGHjrBsS,None,Green,Silver Cuban,Coins,Unbreakable Defense,Banana,None,,White Quartz,
8330,7.5,4355,74.03,https://solanart.io/search/?token=HVxmPvz8WrfjUnC79iC8a41LaD3eJ9jLyr5goFUBuwL6,Silver Knight,Grey,None,Blue Force,Annihilating Power,Bloodthirsty Teeth,Sombrero,,Scaly Albino,
8342,555,7359,0,https://solanart.io/search/?token=FtktoL39EfMBp73XF6sApvaXZou3zTJkBdA9KxR6Bz8S,None,Grey,None,Hijacked,Unbreakable Defense,Crude Ogre,Crown,,Base,
8344,10,3301,53.81,https://solanart.io/search/?token=CoDm9ZG2DBoVVYpkDuxYQX66K4VcuzWHbGrZU2r288Xi,Crystals Collector,Endless Grove,None,None,Supreme Intelligence,6ixn9ne Rainbow Grillz,Skeleton Mask,,Red Rock,
8346,10,7070,36.72,https://solanart.io/search/?token=FAedyWoYMtDoEhFmH8QnShSG7dDqTNsiJiZDoJ6PrQ57,Bullet Belt,Purple,None,None,Supreme Intelligence,Tartar Dentures,Outlaw Hat,,Muddy,
8382,50,1282,0,https://solanart.io/search/?token=4GtYkbFzedM12cVeNcW5bnDN3iYMw5mAZLK1SEhEW1wA,Inner Reactor,Peach,None,Subatomic Goggles,Annihilating Power,Cigarette,Solana Bucket Hat,,Black Obsidian,
8397,12,2374,38.02,https://solanart.io/search/?token=4uwCmKPQwU7RGwx9uThJYt5Lq8mt5CcToMqSBieq6uTc,None,Crystalline Cave,Padlock,White Force,Supreme Intelligence,Tartar Dentures,Arachnid Colony,,Red Rock,
8404,10,7362,35.4,https://solanart.io/search/?token=3c5DyUEMQEBWM4HPiVRCBXqBTikxYj18pxsKZEZz2zRk,None,Dangerous Laboratory,None,Neon Shades,Supreme Intelligence,Cigarette,Emerald Spine,,White Quartz,
8410,17.950001,1968,0,https://solanart.io/search/?token=99MekEYKP6UG5G36ECFkrxH5jgmuNhyPB76bqJNtkH9f,None,Mount Lamaintula,Boxing Gloves,None,Supreme Intelligence,Pink Iced Out Grillz,Skeleton Mask,,White Quartz,
8425,25,321,0,https://solanart.io/search/?token=DCKUw51hgPAhbBtkken8w2TiLhrJhVHVDUxK2X8sE8dC,Convicted,Raging Volcano,6ix9ine Iced Out,Neon Shades,Supreme Intelligence,Rude Tongue,Crown,,White Quartz,
8465,11,6790,27.99,https://solanart.io/search/?token=6oXouxkRjWEbaY1Yp1TsEKHJ1KDtdmMhhVeT72J9b2fY,None,Enchanted Forest,None,Coins,Unbreakable Defense,Mustache,Elder Mushroom Colony,,Scaly,
8500,13,2935,25.47,https://solanart.io/search/?token=1bkVaacV6dMr7GkwQAi11ABSAU2F2qD2r1347qt4yQ9,Bronze Knight,Yellow,None,None,Supreme Intelligence,None,Gold Bullish Helmet,,Yellow Energy,
8520,25,897,0,https://solanart.io/search/?token=GpKQMZpdRwSaiUswuvJv83SraxRQhEddvuRzBcm9eX6w,Skeleton,Raging Volcano,GM,Purple Force,Unbreakable Defense,Mustache,Safari Hat,,Mossy,
8546,11,6327,30.09,https://solanart.io/search/?token=HaR5g6HowJtWvpYJSPkHE91LQN27nq29jvPWbbiLuvNr,Convicted,Peach,None,Purple Force,Unbreakable Defense,Emerald Smasher Teeth,Red Stones Mohican,,Muddy,
8600,11.11,2404,46.78,https://solanart.io/search/?token=Hd5q5amDPJqJc41YZKbKxCs1ESdypa7sFc94wnvb2Xpc,Unchained,Purple,Sherlock O'Clock,None,Unbreakable Defense,Mustache,Demon Helmet,,Base,
8611,9.2,8309,39.11,https://solanart.io/search/?token=7UKZfFbeZb5uFntm1vs5vJhkGPcCpZsVPFpBnR7fCSyq,None,Aquamarina,None,Green Force,Supreme Intelligence,Sabertooth,Safari Hat,,Glacial Ice,
8627,9,1130,73.66,https://solanart.io/search/?token=7fCJma8QyeC1bdH8mt2QHR4NrdApmnMJj2Wu18rMLr5R,Skeleton,Yellow,Rainbow Cuban,None,Supreme Intelligence,Emerald Smasher Teeth,Demon Helmet,,Muddy,
8662,17,173,0,https://solanart.io/search/?token=6bTfkuHuPrFk2Nd3xjrVTJDxz93BQvqPdkRRtcUf5Ybe,Cyborg,Green,Tribal Necklace,Red Force,Unbreakable Defense,6ixn9ne Rainbow Grillz,Outlaw Hat,,Scaly Albino,
8669,18,6366,0,https://solanart.io/search/?token=6EezHcjeessFvep45SJaBiK77U4TaZh8uXRLzrSvwnnJ,None,Grey,None,Laser Beams,Supreme Intelligence,Sparse Teeth,Halo,,Muddy,
8678,12.3,4430,25.69,https://solanart.io/search/?token=43fp5JEgYQJeRDFx3aFYLzKwn4HE8puo5PpKbzkhbXPo,None,Green,6ix9ine Iced Out,Cyclop,Annihilating Power,Rude Tongue,None,,White Quartz,
8743,69.690002,1372,0,https://solanart.io/search/?token=BN2b6J8LNENcKiaDriLDqez3mqW7UpxZ8T9xubzQZHcz,None,Black,Sherlock O'Clock,ThugLife Shades,Supreme Intelligence,24k Grillz,Outlaw Hat,,Solana Energy,
8749,19,1896,0,https://solanart.io/search/?token=5pe8tCv2Fg14Bf5ws9tSfExZ2Armpc28H3mdrhPhCnoH,Crystals Collector,Mount Lamaintula,None,Green Force,Supreme Intelligence,Rude Tongue,Arachnid Colony,,Flubber,
8753,11,2948,45.41,https://solanart.io/search/?token=EUnygREjdnr7tYJLQgbuohz1ncxbn5Wu7a1DQ8yfPG3j,Skeleton,Rocky Cliff,None,Purple Force,Supreme Intelligence,Human Teeth,Blue Crystal,,Rainbow,
8764,7,8415,60.63,https://solanart.io/search/?token=DNTea1NAZanHy3jJ719fd8XvstkuJMrcNXzKe7ZNwdwf,None,Blue,None,Subatomic Goggles,Supreme Intelligence,Sparse Teeth,Buccaneer Hat,,Black Obsidian,
8798,13,1878,30.26,https://solanart.io/search/?token=Bik8zAJMF9ALesAm6vJ6jfNk4QhgzHzqDhPVVSL7zoHo,Unchained,Solana,None,3D Glasses,Unbreakable Defense,Bubble Gum,Halo,,Rainbow,
8802,11,2990,45.22,https://solanart.io/search/?token=DsESfojSnJKgSSpfssjfpXH4KiRGCNYaaatGnUZWXGsT,Primitive Piercing,Peach,None,Neon Shades,Unbreakable Defense,Bloodthirsty Teeth,Red Stones Mohican,,Grey Marble,
8805,15,2416,7.83,https://solanart.io/search/?token=6sQ5b2iZqXiBzTefFrYkSZx7Qo16fHeZVB1h3zU9VwsH,Convicted,Peach,GM,Red Force,Unbreakable Defense,Bloodthirsty Teeth,Buccaneer Hat,,Base,
8820,55,216,0,https://solanart.io/search/?token=DFVGpDEBy8R38N3hbKAnBdyNVvWtNWu7fFaJ3Z7XBbQA,Crystals Collector,Unexplored Mine,GM,3D Glasses,Annihilating Power,Rude Words,Safari Hat,,Muddy,
8841,30,7185,0,https://solanart.io/search/?token=6W688XUwMByKBkAKmgZpuNSXTfQTaP7c9vv9vsQQoDy3,None,Green Pillars,None,Blue Force,Unbreakable Defense,Cigarette,Emerald Spine,,Glacial Ice,
8849,12.5,3147,29.51,https://solanart.io/search/?token=8C6QR27ZXPmcSqefoygFmL4c8QCXfVdRJ4moxwqYxc3U,None,Grey,Tribal Necklace,None,Unbreakable Defense,None,Gold Bullish Helmet,,White Quartz,
Demantur,1000,1,0,https://solanart.io/search/?token=HyzPwi4aUEvzuVnk9Wyvzk92jEBwe9Z97zX3tBkJRYMC,,,,,,,,,,True
