id,price,moonRank,ðŸ’Ž score (%),storeURL,Background,Body,Eyes,Face,Hat,Outfit
11,3333,4,0,https://solanart.io/search/?token=Huve9tQoYLFQeiTNdneBiEfGZYxCXWLmjSWc5B6G4YXE,Magenta Swirl,Inferno Trypophobia,Radioactive,Ten Strip,Ceremonial Hood,Ceremonial Hood
14,777,3,0,https://solanart.io/search/?token=8NEcwpkSZVzyf2BiZJ7hnWAcapxkQE6mF3K6y8bqXwVg,Dark Shroom,Drippy Sol,Radioactive,Substrate,Ceremonial Hood,Ceremonial Hood
15,380,5,0,https://solanart.io/search/?token=HYkpnuUjuX1ccKSJV3nKFUVzL1PUBkQLiph9MxDJPdWJ,Purple Swirl,Galaxy Trypophobia,Radioactive,Ten Strip,Ceremonial Hood,Ceremonial Hood
30,34,535,0,https://solanart.io/search/?token=GNQh52GEQqwj2viCycT4R53fMggq4PHoopMgCYs822Gc,Dark Shroom,Feathers,Alert Blue,Trippy Grill,Shroom Cap,Paisley Suit
64,120,2024,0,https://solanart.io/search/?token=GXXxG99CuVVfc6gPNqAH1NVrVzXVQDrWwdZ29j7abw1B,Cotton Candy,Blue Tryptamine,Rainbow Shades,Ten Strip,Field Hat,Mad Scientist
76,35,2762,0,https://solanart.io/search/?token=A3q9EmVxb3SsC22x5bcjYX814rQ1vB7GrurjPv6PEXuo,Lava Green,Drippy Blue,Wired,Rainbow Vomit,Paisley Cowboy,Tux Shirt
78,144,7292,0,https://solanart.io/search/?token=3QcTFLzN9XpNhd6L94pgyEvud5grz5jJ8CaJCeqEhhvF,Cloudy Orange,Purple Tryptamine,Sus,Gold Grill,Mad Hatter,Groovy Green
85,80,7034,0,https://solanart.io/search/?token=DS2LttMvz91NwgQZFY3rBpRic3j7PyXPMiVpSs218nmo,Sky Blue,Feathers,Blue Shades,Shout,Mohawk,Blue Tank
92,69,154,0,https://solanart.io/search/?token=7WweWvjJbHSLV8e7yRgJ4skf2BRWWRi6VUqe4MmZ9JR1,Blue Tryptamine,Skelly,Blue Hypno,Skull Shout,Cap,Black Robe
98,42.689999,4644,0,https://solanart.io/search/?token=8UFc7ZL9oPEiqVkKXq19XqyM2jTBpZLPjEYDJZEi4w6J,Shroom,Galaxy Trypophobia,3D Glasses,Eyeball,Valhalla Helm,I _3 Chorles
135,22,8377,36.35,https://solanart.io/search/?token=FzjKPehB62LmbxvPNvTFrEG7mn4RVX7FXAx3kkHTKiAc,Watercolor,Marble,3D Glasses,Snarl,Fedora,Groovy Blue
169,200,6552,0,https://solanart.io/search/?token=7ifMdZzcaqmbspWc4vzH5T9AmDV2WWynFJqy8VHKwH5i,Green Shroom,Blue Tryptamine,Blue Shades,Pipe,Beanie,Varsity
176,33.299999,2647,0,https://solanart.io/search/?token=Cc8tAdVoBYHsUhidMSLNwsJoAaqYbr9zLX7t7wYjpV6V,Cotton Candy,Purple Paranoia,Blue Swirl,Tats,Paisley Cowboy,Varsity
185,93,1860,0,https://solanart.io/search/?token=7PM9F9DfP1qsdQDFHuf89mnV7QpUu3NbzERRUDH9Vqbi,Shroom,Blue Tryptamine,Rainbow Madness,Quiet,Banana Split,Kimono
219,85,1202,0,https://solanart.io/search/?token=23MzT9U7yPiF5TJ644r7Eh9n4zDkGLv7eogz73XidLxA,Orange Flower,Phoenix,Aviators,Balloon Blue,Mind Blown,I _3 Chorles
232,36,337,0,https://solanart.io/search/?token=E4u9HUJ97btnYQHGzJfVSp3P85W3AgVrapEiRDhNcubw,Light,XRay,Alert Blue,XRay Quiet,Octopus,Butterflies
237,75,287,0,https://solanart.io/search/?token=GbCTUevMJQXsm2WiB7bFUrE4mmRPr5Yo4ziLQ2Z8vsQk,Orange Shroom,Skelly,420 Glasses,Skull Quiet,Solar System,Black Robe
255,48.900002,1260,0,https://solanart.io/search/?token=DVT9VFx5Dwz8a2Pd1WiHci5Ha5xdNigAJbod4jgcipNJ,Red Tryptamine,Gold,3D Glasses,Tats,Fedora,Tux Shirt
283,25.690001,7189,4.21,https://solanart.io/search/?token=74XLn94uqWa3uENz2Pe4av7TPFpRzYtjFRV6wwKk79RT,Sunset,Drippy Pink,Rainbow Shades,Face Melt,Valhalla Helm,I _3 Chorles
286,70,6835,0,https://solanart.io/search/?token=3vuWEinqkYrewt7B42oduZJtLBtAk1LLJKrApCo8QzkR,Watercolor,Purple Tryptamine,Alert Blue,Balloon Purple,Mad Hatter,I _3 Chorles
306,23,2255,50.87,https://solanart.io/search/?token=7EuAXsZEY9FYJF1Fg16z9k6VLYnDXUNqoUDWjdWkJLn8,Shroom,Purple Paranoia,Stoned,Acid Tab,Solar System,TyeDye
320,69.690002,8056,0,https://solanart.io/search/?token=4EkF65R9L5pnGdPehyjDKpqjz3GKppMUYsj6uhgevkwh,Sky Blue,Drippy Blue,Spaced Out,Gold Grill,Paisley Cowboy,Coogi
332,33.25,2188,0,https://solanart.io/search/?token=Cea4daRaGfe1gYJYvWHXrnZrMafBviriWFirU71NFE8C,Lava Purple,Feathers,Blue Shades,Quiet,Beanie,Mad Scientist
361,47.5,2036,0,https://solanart.io/search/?token=6GoU336TWEPgikoXr5zpzsG9bxJcdhikCZ44UcDnGPdq,Mulberry Shroom,Purple Tryptamine,Stoned,Shroom,,Coogi
400,50,9832,0,https://solanart.io/search/?token=FbRGbLogXQkaVY5RvnxJjiNEjw9TpyUcQQW94GTWgcqh,Beige,Marble,Wired,Shout,Field Hat,I _3 Chorles
425,85,3069,0,https://solanart.io/search/?token=9GoaamBeRACL8UcRBWk5v8hXRCx8aGuhaFSrnjfsh8kz,Mint,Blue Paranoia,Blue Hypno,Eyeball,Fedora,Hoodie
472,35,1305,0,https://solanart.io/search/?token=Fsi2SQoH5myqYhdt1JBPpr5arsS95bHjiXa2PttCphSs,Beige,Gold,Blue Hypno,Fangs,Solar System,Varsity
476,19.9,7893,59.29,https://solanart.io/search/?token=DLqQBMXWqzZWdPLBb4EmMi36hY7cbdm8PAEufrc4hCXE,Mint,Swirls,Alert Red,Shout,Paisley Cowboy,Suspenders
540,24.2069,1836,40.48,https://solanart.io/search/?token=3LasY7MqBv5Vzi3Q1vjRjDqDDzxv4MJe75JpP4vSKKAA,Green Shroom,Galaxy Trypophobia,3D Glasses,Gold Grill,Banana Split,Purple Tank
570,45,6241,0,https://solanart.io/search/?token=F2Cex6Q5qNt6c9SPNnEBsGd6mDffWVcwuZgX7eRg18BK,Dark Shroom,Purple Tryptamine,Rainbow Shades,Snarl,Valhalla Helm,Bat Country
576,62,1659,0,https://solanart.io/search/?token=Arbaz4cjjJx3nYqkfMUoGequhkU5eniGbqnR5Grs9mQh,Lime,Inferno Trypophobia,Aviators,Fangs,Valhalla Helm,Psychonaut
587,170,478,0,https://solanart.io/search/?token=FtThEee8pu6DpM3id6w9ya93AFX19tGVnBC8DiUP6i9Y,Blue Tryptamine,Skelly,Alert Blue,Skull Quiet,Shroom Cap,Coogi
590,47,2665,0,https://solanart.io/search/?token=Hmrcoztwk2i4wnLaMw6LzQXHRPuRowQALQMb96MBnZrp,Light,Feathers,Scuba Glasses,Shout,Paisley Cowboy,Suspenders
607,65,1117,0,https://solanart.io/search/?token=5c4QU3ZuAXJ7AjBJ763Ndmz1Jq1n692J6LQz98HaGZmM,Mint,Infrared Trypophobia,3D Glasses,Solana Quiet,Mind Blown,Suspenders
613,70,9762,0,https://solanart.io/search/?token=4hap9er6i5jcGKDHueSPLKYphbJEg2bysyEi2neja7Mj,Lilac,Blue Tryptamine,Sus,Gold Grill,Beanie,Tribal
614,26,6882,2.34,https://solanart.io/search/?token=CjoSL7j6qWAgyWp4LuszLqGf1DM2KaXaApk5ZPyoi57V,Lilac,Purple Paranoia,Sus,Gold Grill,Fedora,White Robe
626,130.626007,1854,0,https://solanart.io/search/?token=FaZpbkJDneNB27PP1eFz1ZuoVnD3YBkxt1UdPKFPR7CY,Purple,Phoenix,Pop Out,Tats,Banana Split,TyeDye
636,85,1948,0,https://solanart.io/search/?token=53zD2BNm3oRJUkHXYkazthKppLpEtKKzYSEwv7Vsgzqe,Lava Green,Swirls,Pop Out,Shout,White Bucket,White Rabbit
640,29,9501,0,https://solanart.io/search/?token=HSmj7QdgEWtZTfcR82He3iMMZLqBPhRUnwzr6yP3Ruiz,Beige,Marble,Wired,Quiet,Shroom Cap,Groovy Blue
706,66,1113,0,https://solanart.io/search/?token=EYquYuGkAe8o51VG94n3FohS4Hn85BeFmgUi4XTKEXrQ,Sand,Feathers,Alert Red,Snarl,Octopus,Psychonaut
717,30,4129,0,https://solanart.io/search/?token=4j7NCtWi5gdFtroHzxmnumopUAe3s3rt4TZZdVN9fZgJ,Sunset,Purple Paranoia,Alert Blue,Snarl,Apesolem,Birthday Suit
736,40,474,0,https://solanart.io/search/?token=6UAdH1wB6FP7SV7qmUiCUbGf1euJ4jQ8NxEMmzNXGEj5,Green Flower,Gold,Pop Out,Balloon Blue,Valhalla Helm,Tux Shirt
738,35,638,0,https://solanart.io/search/?token=8Gd7fEr8ywHVjNffic1Z6rzBXuDN8ThRxFiwHMF98twZ,Lilac,Gummy,Blue Hypno,Eyeballs,Solar System,Kimono
741,270,4504,0,https://solanart.io/search/?token=HpWPZqVTEXG4HZmfCzfUmjjAMynv8JuF1pTWuZFi9o9S,Peach Flower,Gummy,3D Glasses,Snarl,,Mad Hatter
747,45,1783,0,https://solanart.io/search/?token=GmD7TN37TkaeRqwZGeHjb4qgFuWM3qNHLrPwgkXNxNv9,Dark Shroom,Marble,Rainbow Shades,Solana Quiet,Mohawk,Butterflies
802,27.799999,4910,0,https://solanart.io/search/?token=5RZMs9by61pCrX2nHmKwx3GF4XjUDTMwgGcMbyAaQXtk,Red Tryptamine,Infrared Trypophobia,Rainbow Bliss,Fangs,Third Eye,I _3 Chorles
817,70,4948,0,https://solanart.io/search/?token=7AgTQuhWaRz2st9GWLMnvpjEz7Z1gKZ5WRgHTUi3LgSR,Watercolor,Purple Tryptamine,3D Glasses,Solana Quiet,White Bucket,Mad Hatter
829,26.9,6651,0,https://solanart.io/search/?token=E1S88QX9mbsn3yRXzYfdFqhodtDVW2ST1G4nbHSD3HyF,Lava Green,Marble,420 Glasses,Ten Strip,Cap,I _3 Chorles
834,398.880005,128,0,https://solanart.io/search/?token=4KPtYShUec5Drf3UwxacDpMzbjA3AnENFHBHKFxf4BJm,Dark Shroom,XRay,Orange Hypno,XRay Shout,Apesolem,Mad Hatter
846,65,3713,0,https://solanart.io/search/?token=bQPiqRN5p7YpqXR1JhHwEbCmHEWdXVrzhqYVP4xqUPD,Watercolor,Drippy Pink,Laser Eyes,Snarl,Beanie,Paisley Suit
854,40,2789,0,https://solanart.io/search/?token=6MXgEoQooMGxNU5VM9YyvnQAVsHTXmp7UA2ZM5m6KuT,Blue Tryptamine,Drippy Radioactive,Stoned,Cig,White Bucket,Purple Tank
864,99.900002,1310,0,https://solanart.io/search/?token=44ru81ATRzGBoHUodsupgiobiXWJKzjeDGqfDwgaZiAU,Lava Green,Infrared Trypophobia,Pit Vipers,Snarl,Apesolem,TyeDye
918,39.18,2382,0,https://solanart.io/search/?token=8k6HQtixU4SsSK27ZTk34hq5o25E6aZuq1NNWBYvoA93,Cotton Candy,Gummy,Rainbow Bliss,Pipe,Field Hat,Mad Scientist
967,88,8594,0,https://solanart.io/search/?token=CUZuPxg28cHYD8cQgjEdEx8XmQVuJngxiVcriQb1Uc14,Beige,Phoenix,Alert Red,Shout,Headband,I _3 Chorles
986,69,5183,0,https://solanart.io/search/?token=iBXYiZQL5hHAX6EVW46pncj7PidfA5TAEan4sJvUaEQ,Sky Blue,DMTree,Spaced Out,Gold Grill,Headband,Coogi
1038,107,1801,0,https://solanart.io/search/?token=41A7sJ43hAwTU8gku8Ea1VEimvoqRg77Ljs4fpeDRHwp,Beige,Drippy Blue,Orange Slices,Tats,Valhalla Helm,Bat Country
1049,33.330002,2697,0,https://solanart.io/search/?token=3G41PmHmS5vva9zNZDGegCpeRmnKXTNZQ99oS3XryhtT,Purple Swirl,Purple Paranoia,Rainbow Shades,Tats,Solar System,Tribal
1156,82,991,0,https://solanart.io/search/?token=NtQjMAMMpsYURPyPPgS9de4RYiMxLNe2zuwq9f2Txoz,Red Tryptamine,Inferno Trypophobia,Aviators,Solana Quiet,,Mad Hatter
1162,68,7644,0,https://solanart.io/search/?token=E6vbYd77r8wE2XfGjVfnyBdh5pVmMTp6do2TUmo6bh6t,Light,Gold,Wired,Acid Tab,Beanie,I _3 Chorles
1174,111,7511,0,https://solanart.io/search/?token=8hzMCrx1bMajy7zzYE7aWiA6n3FNdonRqm56CVCuLgV7,Lava Green,Drippy Pink,Alert Red,Pipe,Fedora,Blue Tank
1181,522,5908,0,https://solanart.io/search/?token=2tVpzsDN9CniTfczHLNSnpqiTLYxm6BavdPZkYeCKJdT,Cloudy Orange,Inferno Trypophobia,Holy F_k,Quiet,Cap,Groovy Blue
1191,84,5966,0,https://solanart.io/search/?token=EpVhqJ2EecaCW4hQRnKkXtqKVnvPtNNDMRJX4y8d78uX,Lime,Marble,Alert Blue,Balloon Purple,Octopus,Bat Country
1227,42.790001,6534,0,https://solanart.io/search/?token=F58zR3DAHo9Supqvsk6tGstfYX6pKaHumJSEj8tbevBn,Red Circles,Marble,Rainbow Bliss,Eyeball,Banana Split,Tribal
1235,40,641,0,https://solanart.io/search/?token=8gKsVxoN89GN34UourH8Jn8VrvBvDacJ5eCGUjpmHoU,Lime,Infrared Trypophobia,Shroom Lennons,Rainbow Vomit,White Bucket,Tux Shirt
1237,25,7216,11,https://solanart.io/search/?token=AnUncDBGnhdNVRdb4ymyohPduEZ8sTKLWmVy6QnZiQjM,Dark Shroom,Drippy Blue,Rainbow Bliss,Tats,Headband,I _3 Chorles
1249,69,4370,0,https://solanart.io/search/?token=5opyDbh8oBr3emutQU3EJMfEGhw2fZpWnDwjrBWSmzDT,Dark Shroom,Drippy Blue,Rainbow Bliss,Balloon Red,White Bucket,Birthday Suit
1252,30,4777,0,https://solanart.io/search/?token=FHgRh4Wt18WWnqYF4Ckds6WboYgp49t2y28AWrS1GEGA,Lilac,Marble,Pit Vipers,Tats,,Patchwork Denim
1271,69,2921,0,https://solanart.io/search/?token=92Loj6B5xSF3gSQatY5YnsUPtrKZaLWBb2Jh5xsKGndG,Watercolor,DMTree,Spaced Out,Acid Tab,Field Hat,Varsity
1286,66,909,0,https://solanart.io/search/?token=7MQotpmZiYwcf2UVXkgNBKchefCsmdunZJiEJNpBywwA,Green Flower,Drippy Blue,Laser Eyes,Quiet,Mohawk,Scarf
1289,34.900002,7381,0,https://solanart.io/search/?token=yqpiM8yMANXNqrj9yQYo1jsMWbkm4Y6GfqkRWuhR3dd,Sky Blue,Inferno Trypophobia,Wired,Eyeball,Valhalla Helm,Groovy Green
1301,28,4280,0,https://solanart.io/search/?token=HGpcE82oYDvB9hiPvJVufLDhMUY7SjziHP93qp355Eru,Lava Green,Gummy,Wired,Eyeball,Shroom Cap,Coogi
1304,79.690002,339,0,https://solanart.io/search/?token=ENUUzNG6gpvCJvPbZr91Usj1pyHzBa9oaZCmNriZLKV7,Dark Shroom,Drippy Sol,Blue Hypno,Solana Shout,Headband,Brown Robe
1330,28,1414,4.24,https://solanart.io/search/?token=Absi1Gx8ahtxzTfEQiP4GnDAjdHCGiY8hW7xiA2KR8ZV,Lava Purple,Inferno Trypophobia,420 Glasses,Fangs,White Bucket,Scarf
1339,70,269,0,https://solanart.io/search/?token=361ACLxgcpS1XiDW2uH3h3JvmiihubTF78Kbb8ZPhHTj,Lilac,Skelly,Scuba Glasses,Skull Shout,Solar System,Coogi
1359,36,9342,0,https://solanart.io/search/?token=2YaENe6hiptKf1YxSjN23kfUz8xhiUWJtK36qTm2Nth4,Cloudy Orange,Marble,Blue Shades,Quiet,,White Robe
1365,24,1638,43.34,https://solanart.io/search/?token=G1efC7Yx6HAyiTewZZGMS4tAas2LwCSPbXN6cv69QMFV,Mulberry Shroom,Gummy,420 Glasses,Gold Grill,Mind Blown,Varsity
1387,150,4194,0,https://solanart.io/search/?token=3m8KsSnfSzXdGxQs4PJW1WgsZT5DUXCe2oGzBXcSQDL2,Light,Feathers,Alert Blue,J,Valhalla Helm,Blue Tank
1419,26.998899,4510,1.85,https://solanart.io/search/?token=GjTrKHoiVbF66gyzRTueLcrPpUxaTgtgcuYKjX4UTUGd,Dark Shroom,Blue Tryptamine,Blue Hypno,Gold Grill,Third Eye,Purple Tank
1434,80,7227,0,https://solanart.io/search/?token=DaiUok72WdN8iXiKVmE7mnXaSkaKJmK8fpFjkQhjRCzC,Cotton Candy,Purple Tryptamine,Rainbow Bliss,Shout,Third Eye,Patchwork Denim
1444,129,692,0,https://solanart.io/search/?token=DrnU2PaSW3u7LhvTseUsVCTm1mL59fxjZFsTYvtUbT9i,Cotton Candy,Skelly,Aviators,Skull Quiet,Paisley Cowboy,Hoodie
1447,65,2352,0,https://solanart.io/search/?token=5ab7ZwqAbJtDP8tLLKqXozFGrFZJzgEyCNCH93k4so38,Mulberry Shroom,Drippy Pink,Alert Red,Acid Tab,Crown,Suspenders
1506,37,2198,0,https://solanart.io/search/?token=2yYzft371dG3xWn5eUzrmQQRj3LuKNKpv4DTcDjHgjeg,Red Circles,Drippy Pink,Pit Vipers,Tats,White Bucket,Hoodie
1529,32,655,0,https://solanart.io/search/?token=Hwf3WsYasXBLPKx8u8ZQzh5UZH73DE9H9DdYPatFBrn2,Green Flower,DMTree,Pit Vipers,Gold Grill,Field Hat,Blue Tank
1539,48.880001,5244,0,https://solanart.io/search/?token=8kJ4F6hwDcZ6QWxW1u4xEbWcXUszDE4bLJdjKPcZJhcn,Pink Circles,Marble,Blue Shades,Eyeball,Fedora,Psychonaut
1542,39,1572,0,https://solanart.io/search/?token=Fgjb6Dcs62HJCjZrUrntongGXbgEFoaa723Rm9wru2La,Light,Inferno Trypophobia,Aviators,J,Paisley Cowboy,Black Robe
1550,20.49,7702,54.15,https://solanart.io/search/?token=FCYZjGhJ9PBvj4xgaC747FDDiU1F5Nh3WtMEPDFQSmpt,Beige,Swirls,Rainbow Shades,Shout,Paisley Cowboy,Hoodie
1570,20,9511,51.81,https://solanart.io/search/?token=H19LuDHLWNUUX7Ug8xgnY9ybfKkq9Dqu6BYKNrSmBDwa,Beige,Drippy Blue,Sus,Tats,,I _3 Chorles
1595,42.889999,6093,0,https://solanart.io/search/?token=4vQgYUtrjtb3PB2ewD11EBTPP3sMmYzz9NNPeaqbCSp9,Light,Purple Paranoia,420 Glasses,Quiet,Beanie,Butterflies
1603,30,912,0,https://solanart.io/search/?token=4Uxrp3AJASZdG8EPrEwoabqk3N76ib2LW2a1nnVnsMbf,Peach,Skelly,Blue Shades,Skull Quiet,Cap,Butterflies
1609,20,4919,70.2,https://solanart.io/search/?token=FcicQY31xhGe3FG3gkcty3ZpaVg4g3BywfFhXp5H8yFA,Cloudy Orange,Purple Tryptamine,Blue Swirl,Fangs,Third Eye,Patchwork Denim
1651,49,1687,0,https://solanart.io/search/?token=5hChxncSVQMQXaJ9DXb93fVxfrBLSWW5f4HBgC78D8vC,Watercolor,Gummy,Blue Shades,Pizza,Banana Split,Hoodie
1660,19.9,8431,57.13,https://solanart.io/search/?token=4rSLEv6q2pGYcNYKBaqz5VSx7Voz4ZkcZNApAxhXDjHN,Watercolor,Blue Tryptamine,Blue Shades,Eyeball,Mohawk,White Robe
1671,150,6086,0,https://solanart.io/search/?token=8AgFN4kePdditj5ceTzU7RszBY3daxzaMSvYDDgwjmcT,Cotton Candy,Drippy Pink,Pop Out,Acid Tab,Mohawk,Mad Hatter
1725,30,1156,0,https://solanart.io/search/?token=F74UU1wVPUkeF9XkXjpjdirYgzYW3vzB2QWWcZgfWHR9,Lime,Inferno Trypophobia,Aviators,Pizza,Solar System,Suspenders
1728,20,5813,66.62,https://solanart.io/search/?token=8GAqX5cus8iSDdu3rNv1dTGSV2cZqvnKXT6kuJWYcJBs,Beige,Swirls,Fire,Eyeball,Field Hat,Mad Hatter
1745,100,607,0,https://solanart.io/search/?token=FnrTD3LR5qYx7t1R155hzSXkaYSMSFbwH8fQ5drwyuBE,Sunset,Skelly,Alert Red,Skull Quiet,Solar System,Patchwork Denim
1795,23.777,2899,40.52,https://solanart.io/search/?token=9JegZgVBkpzN4hdGWxtC43kqA9KyfGDuEXmafU8oq3Ns,Peach,Infrared Trypophobia,Holy F_k,Snarl,Octopus,Black Robe
1822,45,2601,0,https://solanart.io/search/?token=9h3FiMLWme8WgQADWiDrM8TYvT7WRZrEch2waDhiUGpe,Purple,Phoenix,Wired,J,Field Hat,Black Robe
1835,41.990002,521,0,https://solanart.io/search/?token=95gWMmxTGN9LmKY1voSBnuSr12PizLMSsjrFMWsh3x4U,Lava Purple,Shroomin,Stoned,Eyeball,Banana Split,Brown Robe
1845,29.5,6109,0,https://solanart.io/search/?token=9JxYux8UK842SPco2wCDBWqxDLjBKTzTKJumGN7qhzu3,Cotton Candy,Marble,420 Glasses,Acid Tab,Banana Split,Hoodie
1857,23,8908,24.22,https://solanart.io/search/?token=4KgqNLcT4dBTrrmB5QLtmQPr99iaY2Sm3JTgzsAyfN4A,Lime,Drippy Pink,Wired,Shout,Field Hat,Purple Tank
1869,27,4004,3.86,https://solanart.io/search/?token=xpL4NXAfabCQrihz8V6R3TN1AtpsMwFVCMAUNGfzyBj,Lava Purple,Marble,Sus,J,Fedora,Bat Country
1871,70,7925,0,https://solanart.io/search/?token=4D6FvX7bd1LWbCkWv2iom476CpaMCx13JEKS2p1GASbE,Orange Shroom,Drippy Pink,Alert Blue,Snarl,Headband,Purple Tank
1901,70,471,0,https://solanart.io/search/?token=H5SB8f2tBAiL1brMbJjaqpd4WMx3oBUU3jKXnEUtyoBp,Sky Blue,Skelly,Blue Swirl,Skull Quiet,Mad Hatter,Tux Shirt
1903,84,6909,0,https://solanart.io/search/?token=G7pfEnuQgjxqmsNYYx1pferQV69tMSZrhJcnhAXPULrA,Lilac,Purple Tryptamine,Aviators,Eyeballs,Cap,Groovy Green
1924,160,7281,0,https://solanart.io/search/?token=CC7QgCDekTkoRPSnYwrMS2Qww92uLCwazddYR22W16V1,Cloudy Orange,Marble,Alert Red,Snarl,Valhalla Helm,Scarf
1998,77,3856,0,https://solanart.io/search/?token=9CQDvAE5qxs7Gq5PAHPCz5FmkQyDDfu68tpaZNsRAHco,Mint,Blue Tryptamine,3D Glasses,Diamond Grill,Octopus,Groovy Blue
2003,68.879997,7869,0,https://solanart.io/search/?token=FbDqt28bB6Gx94mnETbS4DwJkDMqn4devhhwCqPXUaPR,Cotton Candy,Purple Tryptamine,Blue Shades,Shout,Third Eye,Paisley Suit
2028,50,1346,0,https://solanart.io/search/?token=DCrJjG8isHHhrWQyzcsxwLEaMxmTvgzURJ6jRWhuFm5,Light,Diamond,Scuba Glasses,Acid Tab,Banana Split,Tux Shirt
2032,50,3201,0,https://solanart.io/search/?token=CwFgbo77iWrV9Ucc7dpmRfecaH8pJZDWYTbLkq6qNXti,Orange Shroom,Diamond,Holy F_k,Shout,Beanie,Tribal
2048,42,1828,0,https://solanart.io/search/?token=HKzLbn66js3srgyVhC4jZApNKHLj5vkYYveiJbNahaZn,Lava Purple,Drippy Pink,Alert Blue,Face Melt,Cap,White Rabbit
2061,177,372,0,https://solanart.io/search/?token=6YWoYRPGWmFHrFzeD8JPL87UuzZRYa9Vkx6hZ3VEvw8N,Lava Green,Blue Paranoia,Rainbow Madness,Shroom,Third Eye,Black Robe
2064,33.299999,9091,0,https://solanart.io/search/?token=HzH8rHZqTq3FXkH6qpb4HBNQAdze2j3mUYryND2Ermj6,Sky Blue,Swirls,Blue Shades,Eyeball,Valhalla Helm,Tribal
2079,79,7704,0,https://solanart.io/search/?token=84P35jLS5MHmcNuZUYCoEnaJx4Zsa77xiWQGhsbUpVmQ,Peach,Blue Tryptamine,Wired,Shroom,,Groovy Green
2080,23,9659,21.21,https://solanart.io/search/?token=FPDPAQ5b37voZWhQoFXo4nMzAQYMQo7FkpRYsuyrhBjx,Cotton Candy,Swirls,Spaced Out,Quiet,,Groovy Green
2092,42.119999,2430,0,https://solanart.io/search/?token=AGL2d3RtoAZHZUxB6NposuSqvXjprYq74BuvB92TFAg,Beige,XRay,Alert Blue,XRay Quiet,,Tribal
2124,27.9,3859,0,https://solanart.io/search/?token=Y1cJ2nppqz5qcZtzu4sjmT1mXcJGCZbPp6aVxzTMEbL,Light,Purple Paranoia,Sus,Tats,White Bucket,Scarf
2175,80.420692,2310,0,https://solanart.io/search/?token=7HNn38SzNt6syfDA3ejRUnKgwUCAoAfbAdLuSxbNCS1C,Watercolor,Gold,Sus,Balloon Red,Valhalla Helm,Varsity
2185,26.9,6121,0,https://solanart.io/search/?token=8RBpfGFDLA4DJ4Bp1Y4QLyyxDQN4EjgyXpGJD5EoVU9G,Beige,Purple Tryptamine,Aviators,Shroom,White Bucket,Mad Hatter
2187,169,137,0,https://solanart.io/search/?token=Fr6cYkH51w2ph1xQw8kPkv1RJbtr9SC8E5rkMmccyvp7,Orange Shroom,Infrared Trypophobia,Electric,Trippy Grill,Crown,Tribal
2223,40,4488,0,https://solanart.io/search/?token=3PVQTgiRrCQCHaP17SPhdAsYaC5HXDCUb1AJjfousqMj,Lilac,Diamond,Alert Blue,Shout,Valhalla Helm,Kimono
2263,269.696899,6289,0,https://solanart.io/search/?token=8CeJnCcjqxFH4K7Mx7YcbbedzkDnp7cqwmcbs42WYfLh,Purple,Drippy Blue,3D Glasses,Fangs,Mohawk,Bat Country
2276,27,6539,0,https://solanart.io/search/?token=VksEU6FtL92P9s98wMGYXyP8YiM6hnQYtC26Z6cFNSR,Light,DMTree,Alert Blue,Shout,,Coogi
2290,699,160,0,https://solanart.io/search/?token=9TJpqEoJbYVb8QatRuV5eVxqzx1tBqVZnDrs39LNET5A,Cloudy Orange,Skelly,Pit Vipers,Skull Shout,Banana Split,Black Robe
2319,35,4413,0,https://solanart.io/search/?token=5VSrPJGEf5tPSd6fnkkh5mDR6EkJtrwC6WRTBbAaboFF,Peach,Infrared Trypophobia,Stoned,Eyeball,Mohawk,Hoodie
2328,78,8427,0,https://solanart.io/search/?token=BLLSntx3GKkMnUUeaNhN9K949gGVH7bAnDicq1A6AFPx,Cotton Candy,Marble,Alert Blue,Pipe,Shroom Cap,Blue Tank
2333,23.5,2922,43.2,https://solanart.io/search/?token=GSWPGmZMXxpjvGTbxn14p6MBmno27WUv2bL88J9GAscd,Watercolor,Blue Paranoia,Rainbow Shades,Face Melt,White Bucket,Black Robe
2350,22.219999,5678,44.96,https://solanart.io/search/?token=3fcQiFTdrsCtGFLMXZrUD4H6RJT5mPnkRtohJXh3sGr4,Purple,Drippy Sol,Spaced Out,Shout,Solar System,Bat Country
2355,82,6391,0,https://solanart.io/search/?token=7GKS91hGPaHByofXSdb9U5vFTCLY1YF28YiBihnLJGFy,Purple,Marble,Pop Out,Cig,Solar System,Tux Shirt
2359,72,8896,0,https://solanart.io/search/?token=4WyTB5AHyaRv5PY8Hsjjkmp5Nbsx3EJTC8ajcWRKE3eb,Purple,Purple Tryptamine,Alert Blue,Cig,Paisley Cowboy,Coogi
2366,29,8378,0,https://solanart.io/search/?token=J76rXUyhP9bG3fv6z4GyQfAJRcvoZVBs1YyzeAjjEtZL,Lilac,Swirls,420 Glasses,Shout,Mind Blown,Groovy Blue
2369,24,2426,40.18,https://solanart.io/search/?token=9JuxVcEuSR6rKegTEZJA2kdnWAxsYkUPY9ymQ2ZdHpcS,Sand,Drippy Blue,Wired,Solana Quiet,Banana Split,Blue Tank
2370,35,6755,0,https://solanart.io/search/?token=CMGXYZ1yT8zz2UC1kaWKoQzc9DBhxfyPwtPzXnd8ei1Y,Beige,Infrared Trypophobia,Alert Red,Quiet,Octopus,Suspenders
2410,20,7681,59.14,https://solanart.io/search/?token=Gaa21BnpPqghE78JxmwfwCJRjevaLH1D27enfnCgq7ky,Sky Blue,Blue Tryptamine,Stoned,Shout,Solar System,TyeDye
2441,38.759998,2119,0,https://solanart.io/search/?token=8eTzonTbzF9gdXvwBuzcBpgP7AWDkLHdZdevNXCvC4eq,Dark Shroom,Drippy Blue,Shroom Lennons,Acid Tab,Shroom Cap,Groovy Blue
2444,33,2670,0,https://solanart.io/search/?token=B8qyExA4bfE7BJ9vzXqkHFmqogpugMFygrpHWfSn52pt,Sky Blue,Inferno Trypophobia,Aviators,J,Mind Blown,Purple Tank
2460,30,2583,0,https://solanart.io/search/?token=Dpzt6HYh1PFsmrf7cLNPFcKE9qntet5onaKKkPxFUkMR,Cloudy Orange,Swirls,Pit Vipers,Eyeball,Headband,Mad Scientist
2493,40,5974,0,https://solanart.io/search/?token=9xKgux8SN9NtszQgpp5dCASLydp7bv4Cmb9w4TJi6vrn,Red Circles,Drippy Pink,Spaced Out,Face Melt,,Purple Tank
2519,60,7462,0,https://solanart.io/search/?token=HwWBkSGAEJfHSznzh8QiFG3yKxntRuXGQros26y4vQjM,Lilac,Blue Tryptamine,Rainbow Shades,Pipe,White Bucket,Patchwork Denim
2533,95,1403,0,https://solanart.io/search/?token=5cksm9JVo8dfrv3etDQxLtDahKV7uxbgL4bDKE7seL69,Pink Circles,OJ,3D Glasses,Snarl,Mohawk,White Robe
2536,84.900002,6979,0,https://solanart.io/search/?token=2YsQ29eynP6jh8V2ehgLbjjKhUjXtiiw82641mw5gfJe,Sky Blue,Blue Tryptamine,Stoned,Fangs,Cap,Bat Country
2556,44,1288,0,https://solanart.io/search/?token=M6ZiNj7RJahCPbwYoQf4Bp69XS2rErHoim3Ctt2JDyL,Magenta Swirl,XRay,Rainbow Bliss,XRay Shout,Beanie,I _3 Chorles
2589,60,1154,0,https://solanart.io/search/?token=4sgQg38kfugcdNpCPWsKGAq88VuyczgW2FrFkDBBvLwq,Shroom,DMTree,Radioactive,Acid Tab,Valhalla Helm,Tribal
2612,60,9145,0,https://solanart.io/search/?token=4GEKvTUztLqu1WtYLfb6uDgrkQNnJXYtuaeQKXc3Dmcc,Purple,Purple Tryptamine,Alert Red,Snarl,Mad Hatter,I _3 Chorles
2619,33.330002,1173,0,https://solanart.io/search/?token=7ZQ7XLTW25hT6SzDJeiQFWC9jSCogg8MSWmsNQTNP6oo,Shroom,Skelly,Alert Red,Skull Quiet,Shroom Cap,I _3 Chorles
2623,19,3568,85.61,https://solanart.io/search/?token=88jCdFUn4zVQVtkRXW5yJxmHkZqub1HNLB5JVVgZkj6y,Beige,Galaxy Trypophobia,Rainbow Bliss,J,Banana Split,Purple Tank
2634,20,7123,61.37,https://solanart.io/search/?token=2bhoSsGcMEfrKjhAyU9gj78NPihZowGqdPrsUf9x2FeJ,Lilac,DMTree,Wired,Quiet,Third Eye,Groovy Green
2641,74.5,8558,0,https://solanart.io/search/?token=GsWHGLzvxXYiogPBBaALYepJLKSj3xV4ZJ6MsdYNMoyo,Beige,Marble,Sus,Gold Grill,Paisley Cowboy,White Robe
2676,28,4077,0,https://solanart.io/search/?token=8xY6bc7sotDh7BhAEHorXsw1ZNfqvK7HSP572zgmFW3z,Cotton Candy,Swirls,Rainbow Madness,Pipe,Headband,White Robe
2715,47.799999,866,0,https://solanart.io/search/?token=8k6xj3vYqFSw4qns8Svfak5W14ivTmd9VhLqo1awtJLn,Light,Diamond,Alert Red,J,Field Hat,Psychonaut
2718,155,2208,0,https://solanart.io/search/?token=Ansfeja88fR1bAsQ4udQZERYhK3Uv35JG9qcuFjXtWbK,Dark Shroom,DMTree,Wired,Eyeball,Mad Hatter,Mad Hatter
2749,100,8582,0,https://solanart.io/search/?token=A4GGsKqpRfWihEM1zZQ7Uqqj2HDEX3K92NLjsdYDBWMm,Lilac,Gummy,Sus,Eyeball,Field Hat,I _3 Chorles
2764,100,2566,0,https://solanart.io/search/?token=75Xnhi6WiZzEZup9cngB4prkzZEpseDnxqsfriLqSKef,Lava Green,Diamond,Alert Blue,Shout,Paisley Cowboy,Kimono
2788,79,1381,0,https://solanart.io/search/?token=4GvuVgvbw4N9APap6JrkyX11zvwufyPtVcRZJoCnnaYG,Watercolor,Shroomin,Blue Swirl,Gold Grill,Banana Split,Tux Shirt
2802,43,936,0,https://solanart.io/search/?token=C4iXBwdmayeNiZEneYEEX6ic5s63wnwo2qcJHSir34sB,Magenta Swirl,Drippy Blue,Fire,Balloon Red,Octopus,Bat Country
2844,58.799999,7720,0,https://solanart.io/search/?token=Ax3bXBqQ84ZQuLABWPeKagC1pa6QbgHSZzkix4zv1beo,Beige,Purple Tryptamine,Scuba Glasses,Snarl,Fedora,TyeDye
2869,150,2167,0,https://solanart.io/search/?token=CtiC2Pi3G6TobXoPe5QPgNy1DmXG4rApa85YeWCU4yNS,Lime,Skelly,Rainbow Bliss,Skull Quiet,Mohawk,Blue Tank
2924,48,384,0,https://solanart.io/search/?token=jSEYB9wo2d6X1Q9jVJ6Afw8H1geESbM3P4WgPAsrnkU,Shroom,XRay,Rainbow Shades,XRay Shout,Headband,Groovy Blue
2943,60,1869,0,https://solanart.io/search/?token=FgEDt79U17iFUvoHJ8zbyCkKxArXy7kH36pt8vJmChn6,Lava Purple,Inferno Trypophobia,Alert Red,Ten Strip,Paisley Cowboy,Tribal
2955,32,4674,0,https://solanart.io/search/?token=HYwqXERpgL8ezcHnnLd39n2aD6ZYwQcBvjtQ1pG35S57,Cloudy Orange,Diamond,Rainbow Bliss,Cig,Valhalla Helm,Tux Shirt
2969,25,5562,17.62,https://solanart.io/search/?token=4SKRRk7dFG2uFXJshz7Eo2LRtdZHrmicUM7HaorhoV3q,Sunset,Drippy Pink,Wired,Eyeballs,Cap,Hoodie
2973,65,9779,0,https://solanart.io/search/?token=7bvUySrKHKaaAzA9ENFfbx2pRkrwxzqJC4681GE3YL6c,Purple,Blue Tryptamine,Alert Red,Gold Grill,Beanie,Groovy Blue
2978,50,2763,0,https://solanart.io/search/?token=CnJf2eNzzsQbY4nKsGv4CnFePdXhGtnGBtuRgbXj1Kp9,Purple,Blue Paranoia,Pop Out,Quiet,Field Hat,Scarf
2981,36.900002,627,0,https://solanart.io/search/?token=G1SHbEQ7XWQ8mkuycxHc37mdkimLgiMwxeMCBSWEMx7v,Beige,Skelly,Holy F_k,Skull Shout,Valhalla Helm,Suspenders
2983,63,4565,0,https://solanart.io/search/?token=8kiGYAHugDV1Bw8cdvE8HdHEsGWgW4Yuu9perJxtxey6,Sunset,Diamond,Alert Red,Snarl,Banana Split,Mad Hatter
2988,21,5209,59.04,https://solanart.io/search/?token=F4zuT8SMQxk1BhsAzjxNuGpcaiCeZvb949bTuA9JHXws,Dark Shroom,Blue Tryptamine,Wired,Acid Tab,Headband,Scarf
3018,50,373,0,https://solanart.io/search/?token=4pyfK331R7adEn8KijsVwRx4RDAd3tFN8sS5cWGtCnCY,Pink Circles,Galaxy Trypophobia,Spaced Out,Rainbow Vomit,Octopus,Kimono
3027,120,3813,0,https://solanart.io/search/?token=JAkotXZhFtAVmaoPEkQL39SG2TtU8FwfNpuSgj3KrWyU,Orange Shroom,Drippy Pink,Blue Hypno,Cig,Valhalla Helm,TyeDye
3038,69,2614,0,https://solanart.io/search/?token=BBWq7c8FFbCWWXA1oujnU3trEsWUVocefjVcfCBzHCQF,Cotton Candy,Marble,Aviators,Balloon Red,Solar System,Butterflies
3068,23,4566,41.61,https://solanart.io/search/?token=4PFtXJpbCUs6ZkGJN6kjv3K6KkjaKKhitXfGUB7SLGe6,Lime,DMTree,Aviators,Shout,Third Eye,Blue Tank
3101,40,1220,0,https://solanart.io/search/?token=Aj4fxcq8jFWMR5sAUToW6ty77DbGBWpsaZLc2DUdRtHj,Mulberry Shroom,Drippy Radioactive,Shroom Lennons,Shout,Beanie,Purple Tank
3109,25,8118,7.39,https://solanart.io/search/?token=62cvZnraAFQKGVEAf7Jk6Kxv94YdwsZbviDxkHUHn1FA,Purple,Marble,Aviators,Acid Tab,Valhalla Helm,TyeDye
3151,250,643,0,https://solanart.io/search/?token=8km9SLSYKqvEL4ed3SEXqTtUh2gaDMqE5Rtbc4LQ4eU5,Light,Gummy,Pop Out,Rainbow Drool,Paisley Cowboy,Paisley Suit
3164,57,3250,0,https://solanart.io/search/?token=DYZ2DEGHvfikZZnxBJR2zrysL5F3Ea4sZGsiB5Gw1ZBH,Peach,Inferno Trypophobia,Radioactive,Eyeball,Third Eye,Tribal
3167,45,8029,0,https://solanart.io/search/?token=Gt79uC82UqUHiTqAhqyRqy5HPyEaPFsxJK9eqY4DNV6H,Purple,Blue Tryptamine,Wired,Balloon Purple,Valhalla Helm,Mad Hatter
3172,21,6875,52.36,https://solanart.io/search/?token=DGXGdfHTPk95DqeXW1bHtyNNf5vK5vZRaJmq3BGN7H33,Watercolor,Marble,Scuba Glasses,Shout,Paisley Cowboy,Tribal
3179,35,729,0,https://solanart.io/search/?token=4gjypA5JHnPXqFpQZxNwwZPJBc9D5ewfz1DXybjx1U3d,Magenta Swirl,Feathers,Orange Hypno,Ten Strip,Field Hat,TyeDye
3213,100,5196,0,https://solanart.io/search/?token=GTR2wrHWiLcTxmTJcef6d5XyJQXYmM4gq3AU4tRNXNa1,Dark Shroom,Purple Paranoia,Spaced Out,Diamond Grill,Beanie,I _3 Chorles
3220,80,805,0,https://solanart.io/search/?token=DCh7xdVTCiDn4Ce7xYyGpdMBC1vv3dQ9aiv7FYCaYv5W,Green Flower,Purple Paranoia,Alert Blue,Rainbow Vomit,Shroom Cap,Mad Hatter
3243,300,196,0,https://solanart.io/search/?token=5RE2hGLTLgSKvS9GoLkZhorRh3ki8SwH7CwiCLPhpF3q,Green Flower,Inferno Trypophobia,Orange Slices,Snarl,Mad Hatter,Suspenders
3246,42.696899,2068,0,https://solanart.io/search/?token=72PcVQVfQU7NMEWqRX4q1c8KPTN5aFGHtPix13RWJX2N,Peach,OJ,Stoned,Fangs,Valhalla Helm,Blue Tank
3251,60,7236,0,https://solanart.io/search/?token=36MgcxthEYCtvdH95uGuGwj8F4X638QSycW4fmV8k6dR,Green Flower,Drippy Pink,Blue Shades,Eyeball,Third Eye,I _3 Chorles
3282,35,3347,0,https://solanart.io/search/?token=98aMxJY6W9yQA8PtdLdktD1uruMnNXPmoRDpyGwnEnsK,Purple,Feathers,Alert Red,Diamond Grill,Shroom Cap,Groovy Blue
3324,80,5677,0,https://solanart.io/search/?token=PDhfho2ZDBSvPAWS7NJszioW56kn6fjS3HfRG46CQDY,Watercolor,Inferno Trypophobia,Rainbow Shades,Eyeball,,Coogi
3330,65,686,0,https://solanart.io/search/?token=4ijq3dWUxtqorhuSSZ3pxPrJaZBGiAQpDXoDGzYLMEy2,Sand,Infrared Trypophobia,Laser Eyes,Gold Grill,Mind Blown,Suspenders
3338,24,7700,19.06,https://solanart.io/search/?token=7aH2erBMEVvdsyiHVYHW3RriyQ3viAaL14nP91Qqoy4t,Sky Blue,Purple Tryptamine,Pop Out,Shout,Third Eye,Purple Tank
3343,69.690002,3717,0,https://solanart.io/search/?token=D3LsqngC2ch64AnJRcboLxFvR4tmPowLyfPE9wDkMmqo,Sky Blue,Fig,Blue Swirl,Acid Tab,Field Hat,TyeDye
3344,20,5893,66.3,https://solanart.io/search/?token=5sYZVMtGFGV7mvwuNcG68wjdiCTzPBRs9Ztbk9szHQZS,Sky Blue,Drippy Blue,Alert Blue,Trippy Grill,Valhalla Helm,Groovy Blue
3347,27,2826,8.58,https://solanart.io/search/?token=FNnXyZVVm5pRQwzyR68hYEMF2Mwn1meWnUvbVS2NEsSk,Green Flower,Drippy Radioactive,Spaced Out,Tats,Beanie,Blue Tank
3357,68,5493,0,https://solanart.io/search/?token=777oFUvH5iJVYdh2v6ho3dmVBCsjrFF3hGSiKwQmvWcC,Lime,Purple Paranoia,Blue Swirl,Quiet,Valhalla Helm,Paisley Suit
3367,128,5007,0,https://solanart.io/search/?token=AMXzJ2sfYqZDmGx5ruJTuVrTQX7UN6Yw41LUztz11NSB,Magenta Swirl,Blue Tryptamine,420 Glasses,Diamond Grill,Headband,Blue Tank
3411,20,6290,64.71,https://solanart.io/search/?token=AAhugkTXb4DfiCuoAZaraQubc7x53P7huSpNqtL69K2u,Orange Shroom,Purple Tryptamine,Fire,Quiet,Third Eye,I _3 Chorles
3413,105,633,0,https://solanart.io/search/?token=Dhowk5iBNvKtXubWqUp2iM1RhFEuqrRp6MWYmDeuiS7J,Sky Blue,Feathers,Pit Vipers,Diamond Grill,Fedora,Kimono
3417,40,4113,0,https://solanart.io/search/?token=CKhikvp53mVkBJPnV8wN8zKc3Dq4qCRUu9mUKGXxvRZS,Lilac,Galaxy Trypophobia,Alert Red,Cig,White Bucket,Psychonaut
3444,25,1928,32.18,https://solanart.io/search/?token=GWmG9UaQ6me6DPZV1eavVsBDCpLbv59HwetyoBeMFmBp,Magenta Swirl,DMTree,Rainbow Bliss,Eyeballs,Solar System,I _3 Chorles
3473,27.5,2422,5.2,https://solanart.io/search/?token=94kH7Q4fYvK1ZaBcFYUCxAhZ9svSAjbDpqeEuXjZU3Ky,Beige,Drippy Radioactive,Pit Vipers,Quiet,Octopus,Bat Country
3474,555,537,0,https://solanart.io/search/?token=9qGaUPBgvMCT7mJA63EMz9oBwEuafsnov6BMZR6d4T7H,Sky Blue,OJ,Blue Swirl,Rainbow Vomit,Valhalla Helm,Blue Tank
3506,24,4425,32.18,https://solanart.io/search/?token=CduNKAgXbeQ77Rt4XovAT7ovtvNKewyU61RpjNiYesdx,Mint,Drippy Sol,Pit Vipers,Snarl,Fedora,Purple Tank
3510,45,8746,0,https://solanart.io/search/?token=9fc2q66yBW9j1pYbQWpb5WRukHXD8tTuAgEBXiNvz1W7,Beige,Drippy Pink,Rainbow Bliss,Shout,Third Eye,Tux Shirt
3525,83,8201,0,https://solanart.io/search/?token=6BxXV9PE669GczEmELNbUP18uKdC4CMKxXwJ9fAfnriT,Pink Circles,Purple Tryptamine,Sus,Quiet,Solar System,Blue Tank
3531,27,3095,7.5,https://solanart.io/search/?token=Aee9Rxnr4up1vvMHnwjKK4TzGzEf5Ktf3cvvNtmhhXod,Sand,Drippy Radioactive,3D Glasses,Snarl,Field Hat,Groovy Blue
3533,45,8589,0,https://solanart.io/search/?token=AEdh6bjZMfU3NUZKBXrv1M8JqAKUHjVRyBC7BdCuxFLe,Sand,Purple Tryptamine,Blue Shades,Gold Grill,Valhalla Helm,I _3 Chorles
3557,125,185,0,https://solanart.io/search/?token=CMbDgtDPteiBxiPnqKeypyezVyQRomdyzcefQ6wv9Nzf,Peach Flower,Diamond,Laser Eyes,Shout,Valhalla Helm,Psychonaut
3560,25,2383,30.36,https://solanart.io/search/?token=6yhCe3eYd3Wabc5UKPw3JJY24u2G6KGk5wHxWWcDBN8K,Red Tryptamine,Blue Tryptamine,Rainbow Madness,Acid Tab,Third Eye,Coogi
3588,19.690001,9588,54.6,https://solanart.io/search/?token=39zWdtnEEJQTARBnRNyTg9HNXcdVXnc7eNrU7aPq3Ypp,Peach,Purple Tryptamine,Blue Shades,Snarl,White Bucket,Tribal
3603,40,3412,0,https://solanart.io/search/?token=DsgDD44RQ21xUxWsv8uMC5WffhLXwMUpyN6cizeRkp7v,Lime,Fig,Rainbow Bliss,Quiet,White Bucket,White Rabbit
3631,30,3191,0,https://solanart.io/search/?token=7Fj5cq6oUpCFYwBMEEPWyJoVvpvkkayzRuq8xNyVuPKh,Orange Flower,Galaxy Trypophobia,Rainbow Bliss,Cig,Valhalla Helm,TyeDye
3643,30,6672,0,https://solanart.io/search/?token=14X4pLi6gapzJ9tuK17zopEQiYADQxT6JBYBkTRYUZ4Y,Lime,Purple Tryptamine,Blue Shades,Quiet,Mad Hatter,Patchwork Denim
3669,99.989998,5567,0,https://solanart.io/search/?token=Fa89CTnBHsYQx15RLQ6ARUcKSw6nwk7PP4dU86AxiHBL,Lime,Marble,420 Glasses,Fangs,Apesolem,Brown Robe
3679,79,1489,0,https://solanart.io/search/?token=5QqGerL8sNyTS2RsfNQJx6ZPvssRCQewXjY41TVbter5,Cloudy Orange,Drippy Radioactive,Rainbow Madness,Balloon Purple,Third Eye,Groovy Green
3683,79,2750,0,https://solanart.io/search/?token=BCfX5PkQmsyEZbba1UaySRc2P9cNUN1YTDH2aRra6otQ,Sunset,Purple Tryptamine,Scuba Glasses,Balloon Red,Solar System,Suspenders
3690,22,7308,40.63,https://solanart.io/search/?token=jET7yaQVAp9ZiwHNmphagsxPx9Xn6WXvpPDpk5ErDsH,Purple,Purple Tryptamine,Spaced Out,Diamond Grill,,Hoodie
3702,39,2004,0,https://solanart.io/search/?token=FTrDcs4Wf8gXcZDyWGUSjiDFj5raJKyjuAt381Rfbt8P,Lime,Feathers,Blue Hypno,Pipe,Paisley Cowboy,Varsity
3706,52.5,7729,0,https://solanart.io/search/?token=7jo87Mub8xVe4fJGZyTgq8J9LspfHmCMnZkkMNxUnDkL,Sky Blue,Purple Paranoia,420 Glasses,Eyeball,Paisley Cowboy,Groovy Green
3714,20,7835,58.52,https://solanart.io/search/?token=CjaCmdsz5s6NTVeYB7DSfpYGrcqPypBSaHw3pMzRh6Se,Peach Flower,Drippy Pink,Spaced Out,Snarl,,TyeDye
3746,24,8028,17.75,https://solanart.io/search/?token=2Q3ikaiJTMs1W7FF8CKZehuYUP736M63iSwFMCfLrqN9,Peach,Swirls,Aviators,Quiet,Paisley Cowboy,Tribal
3809,45,362,0,https://solanart.io/search/?token=4Uu7RbJtacGFBT3tKhKzYoN2eiBdqWTtKqgenJFHRQwN,Watercolor,Blue Paranoia,Shroom Lennons,Ten Strip Blue,Field Hat,Blue Tank
3821,25.111,3685,24.03,https://solanart.io/search/?token=3gT5VbEAqj88BuDR2FLPg32y7wq1v8epmEY5c62K2yag,Beige,Marble,Orange Hypno,Pizza,Paisley Cowboy,Suspenders
3865,62.700001,5967,0,https://solanart.io/search/?token=Hfr2rs4gxB4UxZL2TKjfZjS4zhvNT8ZnQtrK6Nm8U2KF,Orange Shroom,Blue Tryptamine,3D Glasses,Pipe,Fedora,Blue Tank
3881,500,3137,0,https://solanart.io/search/?token=7uk48L7acSoojg6Xxb96M5krkYzjG5z5kKdFyvsqiiTv,Peach,DMTree,Blue Shades,Pipe,Solar System,White Robe
3884,70,491,0,https://solanart.io/search/?token=UR8LMPv7P6GmZLJqTWJkfH66DYu3zaNwEf64z3rVobZ,Lava Purple,Inferno Trypophobia,Radioactive,Fangs,Crown,Groovy Green
3898,48.48,5754,0,https://solanart.io/search/?token=DFJM4zp9QJjpy96YWrQWTve3sNV6L9TNwUaegf6V2d6B,Cotton Candy,Drippy Blue,Blue Shades,Tats,Mind Blown,White Robe
3909,32,5823,0,https://solanart.io/search/?token=79jSfuKczzSQXuEB5QpWNddDFNBW7xyECoABb3rRw8or,Beige,Purple Tryptamine,Alert Blue,Trippy Grill,Headband,Coogi
3936,68,964,0,https://solanart.io/search/?token=2hjwKuy35eYgaPLQGtboPzyr2CuAqFWGaHiMRWBY1To1,Purple Swirl,DMTree,HUD,Snarl,Valhalla Helm,Purple Tank
3943,50,1043,0,https://solanart.io/search/?token=6x5n9Ybyx6VoyrTZCbQDaCnbDtsPt2MekMroDXKFZ8jF,Purple,OJ,Blue Hypno,Acid Tab,Banana Split,Blue Tank
3951,40,825,0,https://solanart.io/search/?token=4SkqVoF6Pb8XWSaNJaFwPooJhmaUdF3TM6fPyHcW7XAw,Mint,Inferno Trypophobia,Aviators,Diamond Grill,Cap,Scarf
3956,88.879997,446,0,https://solanart.io/search/?token=4nkYeGWG6rATmS5LaNG1s5AcouPRZ26kEMDckXk9VWoV,Lava Green,Galaxy Trypophobia,Pit Vipers,Snarl,Shroom Cap,White Rabbit
3958,20,9146,53.27,https://solanart.io/search/?token=9TfXpZBiJDgYotkSftFr4rVWR61PjhcrMimADFBzzKaL,Lilac,Purple Tryptamine,Alert Red,Quiet,Third Eye,Birthday Suit
3969,69.690002,484,0,https://solanart.io/search/?token=Btnm3GAb6LzdvZKRH6t3xjVayX5umsvVSZCxtc77nUcm,Light,Galaxy Trypophobia,Holy F_k,Face Melt,Octopus,Psychonaut
3989,43,2536,0,https://solanart.io/search/?token=4oChwXbkcuPh4CgmePi6dhKkGtcRAiw7cWwuaakRBVPB,Lime,Fig,Rainbow Bliss,Face Melt,Valhalla Helm,Varsity
4000,24.870001,3634,26.65,https://solanart.io/search/?token=3RikjRKwFeuw8ShXf1Q47YFCBDnhvF2eT1ECteyuEESA,Peach Flower,Swirls,Spaced Out,Diamond Grill,Headband,Mad Hatter
4024,50,2363,0,https://solanart.io/search/?token=4ryJ2mshpmFoDjJJLAMfeSb59xr2s1KUgAmyQ3Xxhzke,Lime,Swirls,Electric,Eyeball,Third Eye,Butterflies
4029,200,1279,0,https://solanart.io/search/?token=44CpwAtRavmq9FevbUHoKCPJDTCq5DouugQyy9LdEq65,Mint,Drippy Radioactive,3D Glasses,Pizza,Mind Blown,Blue Tank
4043,24.690001,6839,15.61,https://solanart.io/search/?token=EFoFuKc8bc525hQGKejRnRUrvRyek7mdptnZAPuz7Ga3,Lime,Purple Tryptamine,HUD,Cig,Fedora,I _3 Chorles
4084,85,2160,0,https://solanart.io/search/?token=DtHAL4FNaPtRaZpkxPP2fAiF4qAKBHaFFrgs5trgoV41,Pink Circles,Gummy,Rainbow Bliss,J,Valhalla Helm,Varsity
4093,56.689999,2711,0,https://solanart.io/search/?token=Febt1AXeknzQvLu2ss47NaNc8yQZTFiNfeGejif3Gtiq,Sunset,Swirls,420 Glasses,Rainbow Vomit,Fedora,Suspenders
4100,70,1341,0,https://solanart.io/search/?token=HKXTQm5ei7PtQKABDKmHSmfY3bLLK8jAVh9rq5F4UiUf,Pink Circles,OJ,Blue Hypno,Quiet,Valhalla Helm,Tux Shirt
4103,29.950001,1161,0,https://solanart.io/search/?token=KVYBCdzSe2fAC8BNk91WF9uaavfRy3ZvtUqtmdasTwq,Green Flower,Blue Tryptamine,Rainbow Madness,Snarl,Shroom Cap,Scarf
4104,90,176,0,https://solanart.io/search/?token=ACYD7MgkFaczHWetk9BgqpvamLbT6wHD7qxG4vncbeYU,Orange Flower,XRay,Orange Hypno,XRay Shout,White Bucket,TyeDye
4105,42.403999,7506,0,https://solanart.io/search/?token=9JdULbdk2xzHLytfeq5nQxKyhRWhUZuCKk9RVDSXZ3Wc,Peach,Drippy Blue,Wired,Acid Tab,Octopus,Tribal
4147,69.690002,4578,0,https://solanart.io/search/?token=GpVTAmu92kLFr6amZ6EYjfJnY6FLGX3KQkHgasS7anGr,Peach,Swirls,Blue Shades,Eyeball,Crown,Paisley Suit
4191,40,961,0,https://solanart.io/search/?token=6auxHJzp1yhdjAC197A6RqWjwTHj4CZXsgZ1GcCN4VrN,Sunset,Gold,Rainbow Madness,Acid Tab,Octopus,Brown Robe
4212,55.490002,4372,0,https://solanart.io/search/?token=GQVoDQKUhRV62tWH8D4xZG8j9P2HcNvSGUnrxE7mqFS5,Lime,OJ,Spaced Out,Shout,Mind Blown,Mad Hatter
4245,59,3923,0,https://solanart.io/search/?token=FhY6JxhMbxYobiYgN7qeWeiMB41LBF7HwdQAn4opYjca,Beige,Diamond,Alert Red,Face Melt,Field Hat,Groovy Green
4252,30,3478,0,https://solanart.io/search/?token=XVnWmSQBCkpJ8voQ2ZBz2qF34QhyTBrkEm8PLb1C9jx,Watercolor,Fig,Blue Shades,Eyeball,Shroom Cap,Paisley Suit
4267,25,8751,4.85,https://solanart.io/search/?token=GDaqgFi1NJ1sZGEAQxLoDZ3JkoB84opY9KydDRq8AWs6,Beige,Drippy Sol,Spaced Out,Snarl,Beanie,Tribal
4279,50,8418,0,https://solanart.io/search/?token=BJedLs1ZMoC4DeqVqGDgaNg52W4Z9vCfg2ajSEsnc4GV,Light,Purple Tryptamine,Alert Red,Eyeball,Valhalla Helm,Black Robe
4281,69,3599,0,https://solanart.io/search/?token=2ysFdby57xz7bkcLA44VY13BdQKCG7Snwv3CHniQfaiy,Sunset,Purple Tryptamine,Scuba Glasses,Ten Strip,Paisley Cowboy,TyeDye
4296,45,8394,0,https://solanart.io/search/?token=9Xa67maUVtfLTx9aSfQSu2pMj2RGCtHNEMtQbKiCRVe,Light,Fig,Sus,Eyeball,,I _3 Chorles
4339,28,5380,0,https://solanart.io/search/?token=3DWCNLqzzTAQUXsvjDEBjEoidZzS57a8ygVXmecq3M9m,Dark Shroom,Marble,Rainbow Bliss,Ten Strip,Solar System,I _3 Chorles
4350,120,370,0,https://solanart.io/search/?token=Fpr7W51py4Qbk7xPUN77g4NY1Zy9XS3ap5f2SY3FHzR,Sunset,XRay,Rainbow Madness,XRay Shout,White Bucket,Groovy Green
4373,22.219999,4112,51.23,https://solanart.io/search/?token=6joAwx2ekSnLiLzBy8BdytB2AhJx5X6MMc7Agavet9fU,Lava Green,Drippy Blue,Sus,Diamond Grill,Cap,Birthday Suit
4395,25,8396,6.27,https://solanart.io/search/?token=BzMkPgp6FpyhbJYMQZMByGYKprpqHnyEETrkrPkA2Dhi,Purple,Swirls,Sus,Shout,Valhalla Helm,Brown Robe
4428,19.940001,9506,52.43,https://solanart.io/search/?token=7kqnWQCZtEuVD169b1LVQDHisbTYjprM21MpQQV5GKe6,Purple,Drippy Blue,Rainbow Bliss,Snarl,Cap,Groovy Green
4467,76.900002,1950,0,https://solanart.io/search/?token=GeHUqQ3N4jRidicR5ABXa1yq1YZv9JrHoT1dgZ7HMLof,Mulberry Shroom,Drippy Blue,Pop Out,Snarl,Octopus,Brown Robe
4540,117,5601,0,https://solanart.io/search/?token=Fn2NDanXqgn5aWfniKTChKmxEX8WC4aG9FFo77ZA6qVH,Peach,Swirls,Blue Shades,Snarl,White Bucket,White Rabbit
4576,150,1664,0,https://solanart.io/search/?token=H2fB55QNxBf6VBGjQuL47fvYqiv22c9BpRCrb8yuSXE4,Lava Green,Blue Paranoia,Orange Hypno,J,Valhalla Helm,TyeDye
4589,79,7253,0,https://solanart.io/search/?token=3xuYkobT8JsAKd3XaEZ83MMs8iSuBTaA9WpWVC5ih4Bp,Peach,Swirls,Holy F_k,Quiet,Field Hat,Mad Hatter
4611,34,5901,0,https://solanart.io/search/?token=4eho2ELb9uRmCFZMm7RTiRtSwF3PANzUVxCyrGfdLipZ,Beige,Purple Tryptamine,Sus,Balloon Purple,Valhalla Helm,Butterflies
4629,31,1328,0,https://solanart.io/search/?token=9D3t62Yq8UGpHYFrxxGNFTt3iPPGaCU8u6d6azqTSYos,Purple Swirl,Infrared Trypophobia,Fire,Shout,Beanie,Scarf
4638,108,1956,0,https://solanart.io/search/?token=7NCZdKyY5XLceMTXycwYUm2vmAtrPJqr7XjuWh3jzo6S,Red Tryptamine,Purple Tryptamine,Rainbow Bliss,Trippy Grill,Banana Split,Purple Tank
4645,57,7098,0,https://solanart.io/search/?token=398niBHU3VgNfCXJu1j1dTrAJYL4JhcUEcssRspwNomD,Lilac,OJ,Sus,Snarl,Cap,I _3 Chorles
4668,27,4665,1.22,https://solanart.io/search/?token=FfYYJtL4hq2jnLAR2645F21gCWCDm4dtEHx6txtNbEPC,Lime,Inferno Trypophobia,Wired,Acid Tab,Field Hat,White Robe
4679,44.419998,8965,0,https://solanart.io/search/?token=8VRZgtfZ9H6aA7Xow21neacohTq6rnKdj8R71Q7PcQWF,Sky Blue,Drippy Pink,Sus,Quiet,Mohawk,White Robe
4682,23,3002,47.88,https://solanart.io/search/?token=6o2G8eAMz16jNnhxJPxhXbw3tMrAScQFedq9cAcsZYmD,Cotton Candy,Purple Paranoia,420 Glasses,Balloon Blue,,Butterflies
4694,46,6661,0,https://solanart.io/search/?token=12NNXikiKbzjHztURcXiHFb7KkUNo6WmR6LnvHMo97Pe,Magenta Swirl,Marble,420 Glasses,Quiet,Third Eye,Black Robe
4742,29,3473,0,https://solanart.io/search/?token=EmbetdzeDYSZS4jq4cAixGWdWXJFFKjf4KkKqVgD4tDq,Lava Green,Shroomin,Spaced Out,Shout,Fedora,Mad Hatter
4755,36,3340,0,https://solanart.io/search/?token=7bSQuJ3oUebLjGinW76kHbmxR1XGvsVCYM6dnoxwxvyt,Sunset,DMTree,Stoned,Shout,Fedora,Suspenders
4760,40,1016,0,https://solanart.io/search/?token=68AfakJ7SHwjdVFTLiZiW1EAjYmzA18jEVUjb99fGXUf,Lime,XRay,Alert Red,XRay Shout,Mind Blown,Tux Shirt
4765,30,4041,0,https://solanart.io/search/?token=C1W9AfH8BrZRVnA3FYULvjKqB7zbCrk1gqxhQHR5yJTJ,Cotton Candy,DMTree,Rainbow Shades,Acid Tab,Third Eye,Purple Tank
4804,255,416,0,https://solanart.io/search/?token=85eRLCTGy17TudkouSnB221yQYjVjmJdDrtDq3q4FUR2,Mint,Inferno Trypophobia,Laser Eyes,Shout,Mad Hatter,Bat Country
4819,49.889999,5277,0,https://solanart.io/search/?token=6BYe2b5eXSnGoratUGXmj4XEcPBSwcwX3YUvFsTqdweH,Shroom,Drippy Pink,Rainbow Bliss,Acid Tab,Paisley Cowboy,Coogi
4830,78,4332,0,https://solanart.io/search/?token=HNXrz6NsRTHHUcwSXreKBnwobkyouVi7PWX4SAdAvQ2S,Lime,Drippy Blue,Radioactive,Gold Grill,Field Hat,Birthday Suit
4833,90,209,0,https://solanart.io/search/?token=3j73RRkMY2WTshaxNbSDjNkCjPZ1knvXQGpedn47jHrg,Mandala,Phoenix,Laser Eyes,Cig,Valhalla Helm,Coogi
4848,33,2714,0,https://solanart.io/search/?token=EHGvvemK7wJt7Kch9JJRM9MPaPBnT9UWHpaY5cvRtCnj,Cloudy Orange,Gold,Rainbow Bliss,Face Melt,Field Hat,TyeDye
4851,199.999985,1925,0,https://solanart.io/search/?token=HvDiNLPW7B1CjxZ7S9FffvYbxpzHTnt2LUuSNnDMzHcH,Sand,Purple Paranoia,Laser Eyes,Acid Tab,,TyeDye
4854,290,2718,0,https://solanart.io/search/?token=82iU4gvUK6pU68bMtwQG4Vop6uksb1EKcT7XL83kL4YY,Sky Blue,Gold,Scuba Glasses,Shout,Paisley Cowboy,Coogi
4876,158,3982,0,https://solanart.io/search/?token=4tFAry75ouKEGtCVkjihVY78UkVFRNWzhBzv7CoTTKgv,Lime,OJ,Spaced Out,Pipe,Cap,Suspenders
4913,50,2292,0,https://solanart.io/search/?token=66DsS5mNQPeF7XRKdqrJJx1R2gS4L1uVQP89XFAxDzTu,Cloudy Orange,Galaxy Trypophobia,Laser Eyes,Eyeball,Paisley Cowboy,Purple Tank
4915,50,561,0,https://solanart.io/search/?token=J6DjB14dhAhcirKJKA7MR9B2WArUAqzX5CBWBRTTkkDz,Orange Shroom,Skelly,Rainbow Bliss,Skull Quiet,Cap,Black Robe
4918,70,1702,0,https://solanart.io/search/?token=7nz63KmnahCTcE4HuPfLqFsnaF1ajsYWjk3y2Lg2abbT,Magenta Swirl,Purple Tryptamine,Rainbow Madness,Diamond Grill,White Bucket,Varsity
4961,21,9710,41.01,https://solanart.io/search/?token=2h7s4c4tFTChmJdPvcErxmSYra6SLjEyoj9pBn9YZgwg,Beige,Drippy Pink,Rainbow Bliss,Eyeball,,Groovy Green
4971,28,4329,0,https://solanart.io/search/?token=DVo2tJUSZGLCmpDYLURH6ZwMYaDyErhsLjXBn8d6F2UZ,Light,Feathers,Rainbow Bliss,Acid Tab,Valhalla Helm,Hoodie
4980,32,2995,0,https://solanart.io/search/?token=2Zh5SKJzKgRd4sW5sWCC7hurCgZv3o5HrLabhwb8edLY,Mulberry Shroom,Diamond,Spaced Out,Shout,Paisley Cowboy,Purple Tank
4995,25.698999,2971,21.01,https://solanart.io/search/?token=HhTTjUtBNn1daRXVnwgWhq5o2PXE6T861z51aTyFzeJP,Sky Blue,Galaxy Trypophobia,Holy F_k,Diamond Grill,White Bucket,Tux Shirt
5028,50,297,0,https://solanart.io/search/?token=BRq6GaZJneSjovj5zgzGEPzDoLFekrtHR6EaNcjnFJT,Green Flower,Gold,Pit Vipers,J,Paisley Cowboy,Brown Robe
5061,500,1915,0,https://solanart.io/search/?token=AoRQxd82UfLaXkWbY3ZNGeN4AZpFSxMRspEiH6JtYyBm,Cotton Candy,Diamond,Blue Swirl,Face Melt,Paisley Cowboy,Mad Hatter
5062,24.690001,9050,6.75,https://solanart.io/search/?token=3sGuYfjCr6mhwrv9cc8skL79JRhUNEu3CMMqMX156Zxd,Cloudy Orange,Marble,Alert Blue,Balloon Purple,Cap,I _3 Chorles
5087,34,809,0,https://solanart.io/search/?token=2TfEZfyKd6V7kHiXmx5ut9XWcgR1NRD2X2ejmXELUqUe,Magenta Swirl,Gold,Stoned,Shroom,Beanie,Brown Robe
5090,100,8796,0,https://solanart.io/search/?token=2Xu7ySeCm8m3Q7Supobt7QbyZ4J1cJBK7Lz2LvzyfWkw,Light,Marble,Wired,Snarl,Solar System,Purple Tank
5095,250,1073,0,https://solanart.io/search/?token=H1pwMHAFSX2VjVj3j27L9LGBinN26SQPxGm8EdXmgf6R,Sky Blue,Skelly,420 Glasses,Skull Shout,Cap,Hoodie
5137,40,5794,0,https://solanart.io/search/?token=3baoCxQ67yYmDn6vd3JgsCTa95YCKBeHomTWx2PsrNtA,Sky Blue,Galaxy Trypophobia,Pop Out,Cig,Beanie,Groovy Green
5146,70,5152,0,https://solanart.io/search/?token=BBtz4SVoBuc2D3AmfgXwca1UsZzMo2ySs5TJMgNfWAKf,Mint,Purple Tryptamine,Blue Hypno,Gold Grill,Paisley Cowboy,Suspenders
5151,21.9,4334,53.54,https://solanart.io/search/?token=BQCaCg6VNKnifBugN4iowgwKcGwvjdUENtn3Rh6WisMf,Peach,Gummy,Sus,Snarl,Mad Hatter,Coogi
5153,40,2808,0,https://solanart.io/search/?token=3q42dDTjoJKVnWefZmxvdhW6UsainsvkXyDz5aQzpXsd,Magenta Swirl,Feathers,420 Glasses,Quiet,Mind Blown,Black Robe
5156,75,5308,0,https://solanart.io/search/?token=J1n8MWZuRiHfXp7Qv8GbhN3dJLBbZaMoRvoJyqc1iSeZ,Lime,Shroomin,420 Glasses,Quiet,Paisley Cowboy,Groovy Blue
5189,169,3072,0,https://solanart.io/search/?token=5RjngA4Mu7966kyQdqCAAmsV1x1w8x3nPModcnTv226k,Lime,Skelly,Alert Red,Skull Quiet,Field Hat,I _3 Chorles
5203,84.5,3143,0,https://solanart.io/search/?token=DUqxi5JS9JznGSi1yRC2orudzn8ZheezGh7FuH8odh9j,Blue Tryptamine,Purple Tryptamine,Rainbow Bliss,Shroom,Solar System,Purple Tank
5223,68,7579,0,https://solanart.io/search/?token=AJ48yyQjJgfQAW8KqPK9iWasRXijKvrEXQcxThxW6oPT,Cloudy Orange,Marble,Spaced Out,Shout,Valhalla Helm,Patchwork Denim
5247,28.889999,6588,0,https://solanart.io/search/?token=7H7s8DGrztite5MSq6Z1XojscHa8eqtX5xML7KkS8kyn,Purple Swirl,Purple Tryptamine,420 Glasses,Quiet,,Scarf
5266,45,702,0,https://solanart.io/search/?token=843ExvntD1X4VjTRuUPPgQcTJAPDBDy86Cg4sZvgXN9p,Lilac,Diamond,Blue Swirl,Pizza,Banana Split,Coogi
5278,52,1099,0,https://solanart.io/search/?token=JDbFj35vPhRsWT1LpHapcpjturjwjoAiKwsG69CHTymH,Sky Blue,XRay,Alert Red,XRay Shout,Beanie,Bat Country
5285,33,3020,0,https://solanart.io/search/?token=EsjAdvAvvgssrrN7AGoPuBNTRRZHEn18dUcfT1F9RuTx,Orange Flower,Swirls,Wired,Balloon Blue,Fedora,Suspenders
5309,69,5111,0,https://solanart.io/search/?token=Ac3SHdwonLTUYMB3wGeeJK6HkKohK9JLdhh1gp3u5xVv,Lilac,Drippy Pink,Rainbow Bliss,Pizza,Octopus,Tribal
5313,80,585,0,https://solanart.io/search/?token=6JtjabQMUGo1tYMDZXS1ycQ85XyFJckLvRNeXypcvX2i,Mulberry Shroom,Gummy,Fire,Tats,Valhalla Helm,Coogi
5314,295,1311,0,https://solanart.io/search/?token=F1RoCqK44ERpcJCMYGdXn8t4KFt5vGkm74rZ5vSo6ba5,Light,Skelly,Rainbow Bliss,Skull Shout,Paisley Cowboy,Purple Tank
5317,100,6001,0,https://solanart.io/search/?token=DGQ2YZj4RdboccQEMAuyfEJqyixDHwEX2qsStALq2khg,Lime,Drippy Pink,Blue Hypno,Eyeball,Headband,White Robe
5318,45.689999,3213,0,https://solanart.io/search/?token=DeK7Jek61HAWTFxReRvW5qTQqy76EXkP1QpPdNH1uC47,Watercolor,Drippy Blue,Stoned,Ten Strip,Mohawk,Coogi
5342,25,5003,19.86,https://solanart.io/search/?token=GnNFqck5eSNwFhw8TRAUt7gCn7iBZhSchTSgZsyhUMGf,Pink Circles,Purple Tryptamine,Blue Hypno,Shout,Headband,Hoodie
5346,26.9,1861,13.45,https://solanart.io/search/?token=35FmqN1YndRRc6wU5p3gZq2K1VeMmNdUBq1QH5iCo56J,Mandala,Blue Paranoia,Wired,Fangs,Third Eye,TyeDye
5350,25,3644,25.31,https://solanart.io/search/?token=DwLrWgnyiGapLdRLUmkswzA35BbQRWVb47sSaCiu2s6z,Purple,Swirls,Shroom Lennons,Gold Grill,Paisley Cowboy,Suspenders
5351,21,6337,54.52,https://solanart.io/search/?token=G917gJ1ZdsGpLdpnw8BVzZ6cLUcmTWrqTv6WJkRE6Wk6,Lime,Purple Paranoia,Alert Blue,Gold Grill,Valhalla Helm,Paisley Suit
5359,60,3432,0,https://solanart.io/search/?token=6AfZfk2uY5XKBNWzR4dRnq1Vb61PBn4iBZqmR3MGvAjM,Cotton Candy,Infrared Trypophobia,Blue Hypno,Fangs,Banana Split,I _3 Chorles
5363,28.5,1546,0,https://solanart.io/search/?token=7ji3Lt6Br6oWYFPPRw86R7aHX8adPskv3ZrAbVLPHACz,Orange Flower,Swirls,Shroom Lennons,Snarl,Solar System,Groovy Green
5365,99.989998,9404,0,https://solanart.io/search/?token=4qbrDsC7hVoCzYrsnxYRqLMqgsUJ48cP9tZKUK8V7hKd,Sky Blue,Marble,Pop Out,Snarl,,I _3 Chorles
5374,75,6359,0,https://solanart.io/search/?token=C1TwTCHtgvPyQPEPCV1vEbY2ByB2wD5kcY4SAzXiH8nn,Mint,Blue Tryptamine,Rainbow Bliss,Face Melt,,Bat Country
5390,32,5233,0,https://solanart.io/search/?token=7XRXAKuvePKLDztkJp5f7wbf2yKCi5N6xSPsHHeZrq6q,Mulberry Shroom,Drippy Pink,Blue Shades,Fangs,Mind Blown,Groovy Blue
5416,20,3855,74.46,https://solanart.io/search/?token=Ehh6erkHCc3g9PaNjAeu81dzmw6xrL7dtRPQUXntMw86,Lime,Drippy Radioactive,Pop Out,Shout,Shroom Cap,Mad Hatter
5429,60.689999,4064,0,https://solanart.io/search/?token=HxuJPR364vi7NN9wVgfHddB6eGKVXmgrMnLJJNQxDEi8,Cotton Candy,Diamond,Alert Blue,J,White Bucket,Mad Hatter
5430,179,1745,0,https://solanart.io/search/?token=384oaPtNmtX29wziXfWZWVVraYTPBwSGfj1aSgVY4Atj,Red Tryptamine,Gummy,Blue Hypno,Fangs,,Brown Robe
5435,19.25,9066,61.09,https://solanart.io/search/?token=F8XQXqSZ68EBy8RArzAr7HSViZuYPimQEJ8wnKdXKwtk,Beige,Purple Tryptamine,Rainbow Shades,Quiet,White Bucket,Birthday Suit
5455,99.989998,8776,0,https://solanart.io/search/?token=BPHsSsceWU2RM2jJxvzoT4Qm6t4YuQS1m67Q298gz9DZ,Beige,Marble,Wired,Shout,Mohawk,Varsity
5477,21,4832,60.55,https://solanart.io/search/?token=G234PduCCvvdAYsPRkXmQGzSmbUVxZXTrj7aPEJ4CBUw,Sand,Drippy Blue,Alert Blue,Ten Strip,Paisley Cowboy,Tribal
5481,34,2041,0,https://solanart.io/search/?token=Fh4NfcTjFJ34SMZTD3VesfbSBrB5fBahryZBqEYYR7G1,Cotton Candy,Feathers,Spaced Out,J,Shroom Cap,Birthday Suit
5483,18.99,8931,64.23,https://solanart.io/search/?token=9M35EQN9vW8d8mtnR9w9Yb7FQGU9ANd8sUAm1qvyYNeq,Purple,Swirls,Alert Red,Fangs,Fedora,Groovy Blue
5508,19.5,4879,75.36,https://solanart.io/search/?token=DqHGC8s7n19nSEBZ5xYJNADcVFXgqB7DSH9ZR2eATgpv,Light,Drippy Sol,Wired,J,Field Hat,Groovy Green
5518,26.9,6865,0,https://solanart.io/search/?token=3yvF9AEkyn42sG6P1x6bUXuZwRBL98c1hrEN5oEidY4u,Mint,Drippy Blue,Blue Swirl,Quiet,Headband,White Robe
5549,23,5432,38.14,https://solanart.io/search/?token=D8RhqBhoQeMQR9wXKS3eAtUdyekiD1NqEWPiFP4irV26,Cotton Candy,Phoenix,420 Glasses,Acid Tab,Fedora,Tribal
5554,27,2574,9.59,https://solanart.io/search/?token=2ueWB2dHHt1Qj5RMF6B1MSfXPkCgk3sbSw7Tb1jPW4fi,Cotton Candy,Skelly,Alert Red,Skull Quiet,Field Hat,I _3 Chorles
5624,21,2739,68.93,https://solanart.io/search/?token=8gtWitib1xHwBd2BaEFWAYVBMNNPP4XQ8rjEExab2LVs,Peach Flower,Drippy Pink,Blue Swirl,Quiet,Third Eye,Scarf
5657,22,4733,50.94,https://solanart.io/search/?token=GZxzXpAgGBtjns6rEgmNbRm7B4RDydgSXdDVyaumUA5M,Purple,Feathers,Sus,Cig,White Bucket,Kimono
5666,70,4132,0,https://solanart.io/search/?token=DHGQoQTyCddy1mYUCh1QnYupbG1TRDkuQ1wo7XxbSBpa,Peach Flower,Marble,420 Glasses,Balloon Purple,Field Hat,Groovy Blue
5675,21,5109,59.44,https://solanart.io/search/?token=AE8PUmE5XV2FuMWTwnJjPEDxPqYhfLjfWpXcmsjVSStH,Lava Purple,Blue Tryptamine,Holy F_k,Eyeball,Headband,Hoodie
5696,24,4257,32.85,https://solanart.io/search/?token=5vLHkTTneLHzB3hjfTzPkzQADqHiMXz9rpvmHk2rnCU4,Lime,Blue Tryptamine,Holy F_k,Tats,,Mad Scientist
5713,47.200001,191,0,https://solanart.io/search/?token=7mV7Xy3bkKWrfcYqS4qyMzdkMoGJDAQjh5VdxUkWxjox,Light,Infrared Trypophobia,Orange Slices,Eyeballs,Mad Hatter,Varsity
5762,69,993,0,https://solanart.io/search/?token=G8wNWJcbL1RfLjanmxAX1ySi1s8jagKy26m9WXe6jj7z,Lava Green,OJ,Alert Blue,Face Melt,,Patchwork Denim
5766,75,7207,0,https://solanart.io/search/?token=6C9Zt9QW8seUkwRN8pT6xLGShqDXcRbXt95J5CijdPTd,Magenta Swirl,Purple Tryptamine,Alert Blue,Tats,Paisley Cowboy,TyeDye
5768,42,3942,0,https://solanart.io/search/?token=EQTKpWmcYbAhcgV2nm5uBq2JZD6BFQMfBcv45Gsf8qji,Peach Flower,Diamond,Alert Blue,Gold Grill,White Bucket,Groovy Green
5780,25,2977,27.98,https://solanart.io/search/?token=8nKTbVtnBwAztrLbGZYa65LRUGuV8NmEC2BxJYNTRzwx,Watercolor,Drippy Pink,Rainbow Shades,Fangs,Solar System,Mad Scientist
5781,52,206,0,https://solanart.io/search/?token=7WCyppiBjQtTVwKhmgRCHaMbabT7tQgLrvrnGcS3Hts,Magenta Swirl,XRay,Holy F_k,XRay Quiet,,Scarf
5794,65,523,0,https://solanart.io/search/?token=TV7JCoJBagmRpPGxo1vZYe3QPSGzW5BViYngkD5pLST,Green Shroom,Drippy Blue,Rainbow Madness,Pipe,Crown,Patchwork Denim
5800,20,5438,68.12,https://solanart.io/search/?token=J7yJ7bDfr5Ge95L4ScU7vmGUNkXB7QAPoUnXpwKbR7UJ,Mint,Blue Paranoia,Rainbow Bliss,Acid Tab,Field Hat,Blue Tank
5818,50,603,0,https://solanart.io/search/?token=3RZ8QWwaz4zJepJKHKFBJNgzkpMQZgHQQxovUSpj6YpK,Lilac,OJ,Scuba Glasses,Balloon Purple,Third Eye,Suspenders
5839,32,6571,0,https://solanart.io/search/?token=3WRDWgnDdUiZJCrDAwPoFf8EuUfZ3NnpWLu3qsSHMXc8,Cloudy Orange,Drippy Blue,Aviators,Quiet,Third Eye,Birthday Suit
5866,34.560001,8490,0,https://solanart.io/search/?token=BfvUMQ8cypNjz3git8oTR7B72T3Lszn8oiAWEHpiaXmy,Peach,Drippy Pink,Alert Blue,Eyeball,Shroom Cap,Mad Hatter
5874,50,436,0,https://solanart.io/search/?token=DisqUD8dkDpD5rTcVW8QXT41RcHU2kAb8s5BFk8EzLT1,Red Circles,Gold,Pit Vipers,Tats,Paisley Cowboy,Black Robe
5947,100,230,0,https://solanart.io/search/?token=AJkq9f8GQyPefsnNer51p3QHqdjt3XMFPFKcKHkxRGZo,Shroom,Galaxy Trypophobia,Holy F_k,Pizza,Valhalla Helm,Mad Scientist
5948,50,2917,0,https://solanart.io/search/?token=77bXo9Zd5P7E9brgcj8FBDFWPCL1c1f6jVnCDk8QTM5Y,Lava Purple,Purple Tryptamine,HUD,Pipe,Cap,Blue Tank
5970,36,1589,0,https://solanart.io/search/?token=naYxXEhgVwcLtEEai5QVy5bn8LwckJA2jAD3n5Dekga,Orange Shroom,Phoenix,HUD,Eyeball,,Groovy Blue
6010,60,2388,0,https://solanart.io/search/?token=2zG3aP2J7crHLWToUwFhLpdqmtPHsPtcEwiRNLenUQcT,Orange Shroom,Purple Tryptamine,Aviators,Shout,Crown,Bat Country
6021,48,1672,0,https://solanart.io/search/?token=2NNkjHYzQSU2A73o3mFhsy3pGdsc7bKcdxySZ1vWxJun,Lime,Diamond,Wired,Trippy Grill,Field Hat,Tux Shirt
6024,40,7668,0,https://solanart.io/search/?token=22ZQ2tvguuNF1DbyV5nEKVAR8c8qNBGe3oSQJ7yxvCJM,Lilac,Marble,Spaced Out,Cig,Mad Hatter,Mad Hatter
6035,23.799999,4857,32.45,https://solanart.io/search/?token=J4fozEoJVZEuBy6kpEp52mKAC9LZcMWJ2uR7XGT14HjG,Sand,Galaxy Trypophobia,Blue Shades,Fangs,Fedora,Tribal
6048,44.990002,1196,0,https://solanart.io/search/?token=nzKkqkyDx4ERD3nsbGYmZ5bRc3bmtY8SbVPk5q65Gz8,Beige,Galaxy Trypophobia,Rainbow Madness,Tats,Octopus,Hoodie
6057,100,1495,0,https://solanart.io/search/?token=5DZrd9KBEWJ7NAzPJCzdmVnH5sMkKXbbYtseCaGMenfR,Green Flower,DMTree,Holy F_k,Eyeball,Cap,Suspenders
6061,80,1018,0,https://solanart.io/search/?token=AJAzxWHRafFapSwcEfPWcfP2cRRkqrsYDJzMZzB7moh5,Magenta Swirl,Drippy Radioactive,Aviators,Substrate,Beanie,Tux Shirt
6068,55,2466,0,https://solanart.io/search/?token=8NsRePowU36AbwgJ7edbJWQjXCqSYY3DzZ8iTsv7uoVZ,Cotton Candy,Fig,Sus,Ten Strip,Shroom Cap,Purple Tank
6078,29.969999,2795,0,https://solanart.io/search/?token=7dYnZ311DwZXA1NHDeAgf6h5aLW6CUvBamqyah8eJxe8,Sky Blue,Inferno Trypophobia,Fire,Gold Grill,Field Hat,Tribal
6088,20,9517,51.78,https://solanart.io/search/?token=3BQm26W9KWg8sG4XFknWneUrSNHgn1h29q8QWYKgDTT4,Cotton Candy,Drippy Blue,Rainbow Bliss,Snarl,Headband,I _3 Chorles
6103,160,744,0,https://solanart.io/search/?token=GFVGh3h4kUXx5YvzgtFbyjUJxCgG4ZyAF3WD4sT4xDnd,Peach Flower,Infrared Trypophobia,Rainbow Madness,Pipe,Shroom Cap,Brown Robe
6115,42,7418,0,https://solanart.io/search/?token=KiFBLHoJrtymTUuLhHDAf7TWjiF16D2YLPbFeQGcLim,Lime,Purple Paranoia,Rainbow Bliss,Shout,,Black Robe
6129,7777.100098,6065,0,https://solanart.io/search/?token=3KMF8CqSh3Zpi6P3b2eRoh194dewbJh6btftE726GRDC,Beige,Drippy Sol,3D Glasses,Eyeball,,Black Robe
6148,149,8622,0,https://solanart.io/search/?token=ERLSqPXA6iuwj4AePp4P3sEFRNnR8E6vEK5n9ekEdUtB,Watercolor,Swirls,Alert Blue,Quiet,Fedora,Coogi
6232,35,1014,0,https://solanart.io/search/?token=3s7ktxZUqdSrcqGzuQhFCRJ9EXJnbnU2Gy1316ykoyYX,Beige,Drippy Sol,Rainbow Madness,Solana Quiet,White Bucket,Paisley Suit
6284,40,608,0,https://solanart.io/search/?token=5ecFqSk61FjqAKYQVHdcsjNLetip9c1hn2BGinAGxs6s,Purple Swirl,Feathers,Holy F_k,Pipe,Paisley Cowboy,Mad Scientist
6326,23,2351,50.48,https://solanart.io/search/?token=8ZCwvTZMCwuGxzYeezY87Enrw7mSwNFQHqz4cUPZ7EBs,Magenta Swirl,Drippy Radioactive,3D Glasses,Fangs,Fedora,Hoodie
6327,33.599998,3493,0,https://solanart.io/search/?token=2xr2dCC2t8ZMzzv9CPPLJyXJTfteAthPSNkpYgm7c3of,Shroom,Blue Tryptamine,Spaced Out,Rainbow Vomit,White Bucket,Tribal
6357,150,5730,0,https://solanart.io/search/?token=Qk1mmkHCDK8snLiPsRUQ7QceHubnVVbwugQmoiuXEu8,Blue Tryptamine,Drippy Pink,Blue Shades,Cig,Fedora,Brown Robe
6361,55,9064,0,https://solanart.io/search/?token=4JYW7ZDaAxzyvadPMtzzob9kndYFgSnqRLFRRG15VVEm,Mint,Drippy Blue,Spaced Out,Shout,Beanie,Tux Shirt
6443,29.25,1797,0,https://solanart.io/search/?token=EtPB2WEvHa1e13ThnNEKUvNJPP4KCDHw86jbdwDnaYFg,Lilac,Galaxy Trypophobia,Orange Hypno,J,Mohawk,Bat Country
6470,22,5992,45.9,https://solanart.io/search/?token=HeQpoektPxPUrR1odv76MTXTeK55irqxwJuKyTFSG2Rp,Lime,Marble,420 Glasses,Gold Grill,Solar System,Kimono
6480,59,5568,0,https://solanart.io/search/?token=CPSChKJyoPhREDgRPfGknYs64Qw6KwBw5AdcKsdazUgP,Sky Blue,Fig,420 Glasses,Balloon Blue,Cap,I _3 Chorles
6487,37,9088,0,https://solanart.io/search/?token=6rmifrzaFpPWD7xD6E7jfqyqBZrHN4PTfE9zM39GdeCz,Cloudy Orange,Swirls,Aviators,Quiet,White Bucket,I _3 Chorles
6511,80,4369,0,https://solanart.io/search/?token=8VqLHPGGtpwXJCjzoTx5pzkoBPRbAvPNiU6mLNUCoPW1,Peach Flower,Infrared Trypophobia,Blue Shades,Shout,,Varsity
6521,55,901,0,https://solanart.io/search/?token=2mufzFXFpU5HP4B8WKuMsuzma44JDn9XZw4dnXKTwhde,Light,Skelly,Rainbow Shades,Skull Quiet,Banana Split,Mad Hatter
6524,48,5549,0,https://solanart.io/search/?token=CEdFEmVFxKwG9Cf4jetb2sdCppPrqbWxxFfZABTTx237,Beige,Phoenix,Rainbow Bliss,Eyeball,Fedora,Black Robe
6539,50,7985,0,https://solanart.io/search/?token=GxvxmNqXPRhZM3L5q1dytqcrxWsZCfrDVoPNoy6FFVUV,Lava Purple,Purple Tryptamine,Wired,Gold Grill,Third Eye,I _3 Chorles
6548,500,224,0,https://solanart.io/search/?token=EQKMjewc5E9VwJZVn9C1Lk5xJ45mYrZG2pkG2KKjRs8w,Light,XRay,Orange Hypno,XRay Quiet,Field Hat,Black Robe
6580,22.879999,3791,45.92,https://solanart.io/search/?token=9HTCfQwLpXY8GBBV8bXhKQsM47foFDWm7pqwJF1tBXnE,Sky Blue,Phoenix,420 Glasses,Balloon Red,Third Eye,Purple Tank
6581,188.690002,1147,0,https://solanart.io/search/?token=9yveVTNesf9nKLFD4mocGBHTPbkqQP9BKp8E6owvKA43,Peach,Skelly,Alert Blue,Skull Shout,Shroom Cap,Mad Hatter
6590,35,1937,0,https://solanart.io/search/?token=6tt9mDtF1gxfPU1qxqYSD6kVEpB3DVw3kkNXz1j5e3g4,Lilac,XRay,Wired,XRay Shout,Beanie,Tribal
6596,100,1356,0,https://solanart.io/search/?token=75Lmsvs2X11uhxN3gEVvxEHqgUDhti4SBBFRxqmZ5zJ2,Sand,Galaxy Trypophobia,Holy F_k,Pipe,Valhalla Helm,Patchwork Denim
6597,40,3611,0,https://solanart.io/search/?token=9MxrEMjr6kewfLeWXqE3YrsHynkZYMQEn5GxcvRdiceB,Dark Shroom,Marble,Blue Swirl,Eyeball,,White Rabbit
6611,20,7950,58.06,https://solanart.io/search/?token=vSvVXMFU2JrBbRjWxyGHSjkSMAZJ386QETcsCnXN8gF,Sky Blue,Blue Tryptamine,Spaced Out,Tats,Shroom Cap,Groovy Blue
6663,46,341,0,https://solanart.io/search/?token=7ixDPsjFRiSQ5CshhBAPF1YjY77vRJpzk9kGKgUSCBTu,Purple,Blue Paranoia,Electric,Eyeballs,Mad Hatter,White Robe
6681,29,1808,0,https://solanart.io/search/?token=HwshiMim15R1euGJLXKr2vHrRzwPPTLMP1XmxDGbbxkN,Orange Flower,Purple Paranoia,Sus,Shroom,Valhalla Helm,Groovy Blue
6687,20,7992,57.89,https://solanart.io/search/?token=2fM244tRXEZ6BWZaCamoeuH4c4AyzBs8zHV45NoewvW2,Light,Phoenix,Rainbow Shades,Snarl,Beanie,I _3 Chorles
6688,49.970001,250,0,https://solanart.io/search/?token=9nUzwYbaPXKLGJVY5KhLJf2yCeJrCwheFB8E9oc5ctUN,Red Tryptamine,Skelly,Blue Shades,Skull Shout,Fedora,Kimono
6710,99,5614,0,https://solanart.io/search/?token=7DoL1A35uAdiskEPvXqVZFCfPNbWdiiPzNxFT4dNdYi7,Sand,Drippy Blue,Sus,Quiet,,Psychonaut
6730,35,1967,0,https://solanart.io/search/?token=3qX7Srd6fNcrbaKC4V3LZr3zMa86aznPV93cpxqQKYAq,Cotton Candy,Blue Paranoia,Blue Hypno,J,Third Eye,Purple Tank
6738,24,2171,41.2,https://solanart.io/search/?token=EUGhiE6UEYSuZjkKcEqVDBZnxndkDFoorMrg6RqTjXj5,Lava Green,Feathers,Wired,Diamond Grill,Valhalla Helm,Tribal
6759,23.5,1439,49.14,https://solanart.io/search/?token=4EcDdJ2MyNJ83GMFzV4FR1kUJ83Me2cstfwHTmzvVGQv,Red Circles,Infrared Trypophobia,Stoned,Tats,Headband,Brown Robe
6878,50,974,0,https://solanart.io/search/?token=4z3PguuSbSvQLBAZ6q4Tymqbs8oST4E2qUPaD6Csm3w5,Shroom,Gold,Orange Hypno,Balloon Blue,White Bucket,Mad Hatter
6880,57,8416,0,https://solanart.io/search/?token=7iYhrE6TKupBYZRFQVYXYj7dvDCXxvukdGYwd9RbHyPn,Pink Circles,Swirls,Alert Blue,Acid Tab,Beanie,Groovy Green
6910,60,502,0,https://solanart.io/search/?token=DuFcm7LEQ43b3ZfAKdvd8jvzHhek3BoXDNEZHRj4jKW7,Cloudy Orange,Diamond,Rainbow Madness,Acid Tab,Fedora,Psychonaut
6927,27.99,2150,1.39,https://solanart.io/search/?token=3u4rdSBJy6c1nda1vVaq8V95UTScLUCWY46JqhFwvNbz,Red Tryptamine,Purple Tryptamine,Rainbow Shades,Shroom,Fedora,Black Robe
6931,40,3030,0,https://solanart.io/search/?token=ATX1rN9fXf9Ct2cnpXvqRiJVWCVeVZ8YyBQs1YV5KJTX,Sunset,Drippy Pink,Aviators,Ten Strip Blue,Valhalla Helm,Groovy Green
6949,75,1289,0,https://solanart.io/search/?token=5ayWXqTwaaBJHYffWkippFD1JLrWNm2mPBKNzRQNbzRN,Green Shroom,Inferno Trypophobia,Wired,Face Melt,Mohawk,Varsity
6959,25,2502,29.88,https://solanart.io/search/?token=BSzZWLB2Q4QvMcHM2PcrkykY3iPAMPWbo3wQWiq5Jtsq,Purple Swirl,Infrared Trypophobia,Radioactive,Cig,Valhalla Helm,Groovy Green
6970,150,2634,0,https://solanart.io/search/?token=9KYfaJMiqDbif1ZCthwVDSTvrfxHcyApVs92x62jkNUz,Pink Circles,Drippy Blue,Orange Hypno,Fangs,Fedora,Butterflies
6978,29,2676,0,https://solanart.io/search/?token=AE6MaTjaDkT6a827U7dKYqy5VFwEqMNLG9SkTYZkZYfE,Pink Circles,Drippy Radioactive,Blue Swirl,Eyeball,Octopus,Mad Hatter
6980,21.9,8552,36.65,https://solanart.io/search/?token=2gy7B7ZZuSXk4m4tf1WVh2kicGHShvqRgrK3HXWkEa2n,Lime,Marble,Alert Red,Balloon Red,Cap,Mad Hatter
7002,47,6381,0,https://solanart.io/search/?token=9sKffXjuuZZLiCRct2io37W8uSLh3cLD6URGu4fWABCr,Mint,Inferno Trypophobia,Wired,Cig,Mind Blown,I _3 Chorles
7015,89,1800,0,https://solanart.io/search/?token=4PteaWtwHrApBFEAcED4XHv8qG474V4VrHkLhGc4WS8x,Shroom,Drippy Blue,Blue Swirl,Tats,Shroom Cap,Black Robe
7017,32.220001,5243,0,https://solanart.io/search/?token=EYgEdmHnwtGt12xds9hyJQTdm7F6DjV3vpnwqM34aFRk,Beige,Blue Tryptamine,Orange Hypno,Pizza,White Bucket,Tribal
7023,35,6933,0,https://solanart.io/search/?token=33vw4BJwP6yUH1Q4GM1pH7ArYUDsay6Zf1mob6Bg36xi,Sky Blue,Purple Tryptamine,Wired,Eyeball,Crown,Suspenders
7062,22.790001,8556,27.73,https://solanart.io/search/?token=9217P8HuyvaKot8QcMZXHR1rTf2yygWenGbXpBD1Xymg,Lilac,Purple Paranoia,Holy F_k,Shout,,I _3 Chorles
7065,30,1802,0,https://solanart.io/search/?token=GRjgtvnokH6Jm68kABs7PipTYLRP5MYqeESaAAnxNuGW,Red Tryptamine,Drippy Sol,Fire,Acid Tab,White Bucket,Tux Shirt
7078,150,3299,0,https://solanart.io/search/?token=DDo5vsJen1hVSz2j13Srx1HhrUWZuLhazG1dcU6ygiRr,Sand,Inferno Trypophobia,Stoned,Cig,Beanie,Blue Tank
7079,57,7825,0,https://solanart.io/search/?token=7JGymqqebw9hF7WYQBHosTMRJ8iwdeJbPWP6ApLN4tCc,Orange Shroom,Marble,Spaced Out,Quiet,Field Hat,Blue Tank
7084,21,2696,69.1,https://solanart.io/search/?token=2wDneRyPhabWuFgHXg5CYMAJiVvBG5GCVvyan1zteEep,Cloudy Orange,Marble,Rainbow Madness,Balloon Red,Mohawk,Paisley Suit
7096,80,792,0,https://solanart.io/search/?token=EgLw3a72Go58W2Yg1CU1sFk4z81M4y9B2PPu7EQ5Kbsy,Mulberry Shroom,Diamond,Laser Eyes,Shout,Beanie,Mad Hatter
7098,55,6367,0,https://solanart.io/search/?token=EQu9FgeywDTLHf8zu3JRSHDT1wLGdQoc8CRqPbPXjDGk,Beige,Drippy Blue,Wired,Shout,Crown,Suspenders
7102,28.695999,1077,0,https://solanart.io/search/?token=EGmrBM1fd5gExAHkvQNLMWJmWx22nyR2J5X5guh81CKV,Peach Flower,Galaxy Trypophobia,Rainbow Bliss,Substrate,White Bucket,Blue Tank
7115,30,758,0,https://solanart.io/search/?token=3opoLkzsd5cRTPNmjhtLcyu4oWbGvqWvXLboE4bC5dbk,Cotton Candy,Infrared Trypophobia,Electric,Balloon Purple,Banana Split,Blue Tank
7132,50,315,0,https://solanart.io/search/?token=EAQJh6eSa6KN1pf68ZuM67jsptHauPxPURpV2CQ6tELb,Blue Tryptamine,Skelly,Blue Hypno,Skull Shout,Beanie,Groovy Green
7154,40,4980,0,https://solanart.io/search/?token=8qYpmpguHExjWywwqgWBXLeAfQH87KTFh2hcn5wS9JX8,Lilac,Shroomin,Blue Shades,Cig,Valhalla Helm,Tribal
7184,99,1947,0,https://solanart.io/search/?token=BrBVgYNgFUiyku6rJimzHsNMD6wXDHTJQhFDM9TuFkQC,Beige,Purple Paranoia,Stoned,Gold Grill,Field Hat,Mad Scientist
7191,42.069313,3803,0,https://solanart.io/search/?token=9f24wpQTfE25agFUyHTgF3rUSLUyfZeRmdVAG5jAJHPc,Lava Purple,Drippy Pink,3D Glasses,Tats,,Coogi
7218,30,8093,0,https://solanart.io/search/?token=HT7kQAtsqLwgFVa1amEW1aNbLWowkWnrdMomniUgjAzT,Lava Purple,Marble,Holy F_k,Snarl,Beanie,I _3 Chorles
7229,44.400002,2972,0,https://solanart.io/search/?token=FkFBH223H9Mr1j6sB2x6dTzFG6WyTabfbvqKgZscYpru,Cotton Candy,Drippy Blue,Blue Swirl,Fangs,Headband,White Rabbit
7274,103,892,0,https://solanart.io/search/?token=F5Tbu4CK4nenvSf1YPDHqz1k5rUB8AjgMSKyfdDKz9yA,Red Circles,Drippy Radioactive,420 Glasses,J,Cap,Butterflies
7275,69,7743,0,https://solanart.io/search/?token=6mNCZUkXJFDy7jGmXrTw7okApHEseenhwzyjKJiS5g3f,Sky Blue,Drippy Blue,Rainbow Shades,Acid Tab,Mind Blown,Tribal
7295,200,2440,0,https://solanart.io/search/?token=8REvKG1vdXS3dxJNH2kiT1rtPuZ3wA63k3sq7DGnkCcB,Sky Blue,Feathers,Aviators,Shout,Shroom Cap,Kimono
7301,40,1939,0,https://solanart.io/search/?token=47MZgvRUPtJGJ4k9zdkVSyPhXYii2YQDU6FVm4rxxxCA,Mint,Infrared Trypophobia,Laser Eyes,Eyeball,White Bucket,Brown Robe
7318,45,273,0,https://solanart.io/search/?token=Cn3pq6i4vPR7UrgTFcbxPkqPfaqP9ArfLyPPNccYgxj,Blue Tryptamine,Drippy Radioactive,Fire,Balloon Blue,Mohawk,Butterflies
7367,265,433,0,https://solanart.io/search/?token=Gd19rE9CTkY3CZRNDVeMHmfH3X3ZozaeZJZWsomD2eBe,Purple,Fig,Rainbow Madness,Shroom,Apesolem,Groovy Green
7378,35,1582,0,https://solanart.io/search/?token=DdRZSQamakbrs8pJV5gepQ3a68LCULVrKCJzWkLiQYmF,Orange Flower,Feathers,Rainbow Shades,Face Melt,,Blue Tank
7394,22,6060,45.63,https://solanart.io/search/?token=9PF9qBePTR1JHz4Eb6iBi8GZKx2Zo9qJA1xRhkqBcrFS,Beige,Blue Tryptamine,Blue Hypno,Balloon Purple,Cap,Groovy Blue
7409,33.689999,1069,0,https://solanart.io/search/?token=GMVBukJhRjxKUBA872Tary1k9n5ppRqhdEmhzBpR3J1v,Lime,Phoenix,Rainbow Madness,Balloon Purple,Field Hat,Coogi
7412,150,1224,0,https://solanart.io/search/?token=71g9ASU7v5UzawW5QHd8y3aexoA1exVd8ZC1pAEovWae,Lava Purple,Drippy Radioactive,Alert Red,Eyeballs,Octopus,Blue Tank
7457,138,188,0,https://solanart.io/search/?token=AvfhCRfuukeAvorhoM3sEHnNjWdtBSJ6nM1u4PAo6T9D,Lava Purple,Galaxy Trypophobia,Radioactive,Pizza,Banana Split,Paisley Suit
7490,44,4799,0,https://solanart.io/search/?token=B5JjsfFoEUTZLZuiePuKvFGmdFnuhymLysKSXCrpT5cR,Orange Flower,Galaxy Trypophobia,Sus,Quiet,Valhalla Helm,Groovy Blue
7518,24.9,4616,22.41,https://solanart.io/search/?token=7x2W3LJP8LrWQuuHPttE9gKULvjjENg6w9xwXZh4qTaH,Beige,DMTree,Stoned,Acid Tab,White Bucket,Groovy Blue
7559,111,3008,0,https://solanart.io/search/?token=2UbhT3z8WykX8LCdjH6iS5quwCcwskMv8pNUJdpS6wRH,Pink Circles,Purple Tryptamine,Blue Swirl,Shout,Paisley Cowboy,White Rabbit
7562,28,2662,0,https://solanart.io/search/?token=1L9vD8PFK5ieuFcamXuGjoTrxwJSYFm89DwLvcVvRtR,Watercolor,DMTree,Rainbow Bliss,Balloon Blue,,Varsity
7573,87.420692,271,0,https://solanart.io/search/?token=7Fq2A4EMjGyjKJVgESsAvEGD26TEhzRBnyCCACwoZDMf,Purple,Feathers,Electric,Face Melt,Banana Split,Kimono
7592,21,6020,55.79,https://solanart.io/search/?token=EAXbTpTjuPLnVR5wVQGUVaun89gZ4394Qhn4wvrWET6r,Light,Purple Tryptamine,Stoned,Pipe,Cap,Patchwork Denim
7609,34.880001,8045,0,https://solanart.io/search/?token=FLKtDwfJrW7WNNs9DFkbPEWJVvsxbEHMQpQgd3FTrnb7,Watercolor,Swirls,Rainbow Shades,Quiet,White Bucket,Coogi
7618,50,819,0,https://solanart.io/search/?token=CyDJXMVYPhx1kMtj8jBp4np9zmkdovKHz26S2Be2v7P5,Light,Inferno Trypophobia,Scuba Glasses,Ten Strip Blue,White Bucket,Purple Tank
7625,22,7434,40.13,https://solanart.io/search/?token=5EU5XqYuUjLYw5Q1sr65DEMAnw1pJZXmZenPqUuTvmGS,Dark Shroom,Purple Tryptamine,420 Glasses,Gold Grill,Valhalla Helm,Groovy Green
7661,40,3227,0,https://solanart.io/search/?token=7qJrXArJVVccWAnhGBBUGkKWhnqTM7DtUXkaMokx3PH4,Blue Tryptamine,Marble,Pit Vipers,Gold Grill,Cap,Varsity
7685,55,6323,0,https://solanart.io/search/?token=6yhzHbrasPx6zRGqGe7m3dvzSdMZ3RiQgTj7sMebkbhK,Peach,Phoenix,Sus,Snarl,Mind Blown,Groovy Blue
7688,35,3872,0,https://solanart.io/search/?token=74o9D2qc3BjxG7kqvPQHGaWsf5drbpLiKPs7sTuZRTr,Orange Flower,Swirls,Aviators,Gold Grill,Fedora,Tux Shirt
7696,47,6453,0,https://solanart.io/search/?token=56Cb638j8yymsrAzVA5yDq5ywAxBn4M2MLa91eqeUCKh,Peach,Drippy Radioactive,Rainbow Bliss,Quiet,Cap,White Robe
7743,22,6706,43.04,https://solanart.io/search/?token=2AM9vPuwi19B37rfKM3TdHxFCCigWJxrGWoZjQba8drK,Red Circles,Swirls,Spaced Out,Pipe,Mohawk,Groovy Blue
7781,60,2425,0,https://solanart.io/search/?token=A8jJqHwYy8XQEpoCu7YjggpKbwkfcs9XDigEFLnHaph2,Cotton Candy,Purple Paranoia,Radioactive,Balloon Red,Mohawk,Mad Hatter
7788,50,2457,0,https://solanart.io/search/?token=8N9SoQB8edCMbuEoBvqAmwyetz1xpgs6yMcb2MMCXaig,Lime,Skelly,Rainbow Bliss,Skull Quiet,White Bucket,Blue Tank
7803,200,3307,0,https://solanart.io/search/?token=2MfihvinY7NESdBiCgyqNnsdDotDUEKtjLUwbZeWAkAz,Sand,Galaxy Trypophobia,Rainbow Shades,Tats,Cap,Purple Tank
7822,61,6841,0,https://solanart.io/search/?token=GyUJ9pvRNYoVzDzPRgc3nT64h3qYP2K5C9f6f4gH9JcH,Cotton Candy,Inferno Trypophobia,Spaced Out,Quiet,Paisley Cowboy,Tux Shirt
7831,47.689999,1132,0,https://solanart.io/search/?token=2hiyhNatpkLNmDPZFBmcjihFeFeA3XWagZNy94NxFZRT,Magenta Swirl,OJ,420 Glasses,Balloon Purple,Third Eye,Groovy Green
7837,200,9751,0,https://solanart.io/search/?token=4nsyxS2wuYZ3TRFpC5q9K7BRLLJYzCsU5DNJ2FUeJiX4,Purple,Purple Tryptamine,Alert Blue,Acid Tab,Third Eye,I _3 Chorles
7839,45,4151,0,https://solanart.io/search/?token=5FHsVvaUemBcSfYdBwkrHHsPnNxfvsyMFHgKNRCDk9s6,Purple,Fig,Radioactive,Snarl,White Bucket,Blue Tank
7849,41.68,6495,0,https://solanart.io/search/?token=GTSqt2fVratdS4Ezr7wBGk67cYmjzSNB6PYbShyadUrU,Beige,Diamond,Sus,Shout,Beanie,Brown Robe
7853,33.694199,7289,0,https://solanart.io/search/?token=8x3JR3fc5RtLFPAKQSCQjkQcy7T87enZBvzYd6MrDZRT,Lime,Purple Tryptamine,Rainbow Bliss,Cig,Solar System,Varsity
7857,90,3506,0,https://solanart.io/search/?token=B8C2gdGcEZ9vGnr52kWVNLQj5hGbWiAwg3w69vCvucfw,Mulberry Shroom,Drippy Blue,Sus,Tats,Solar System,Tux Shirt
7864,175,1730,0,https://solanart.io/search/?token=6FnsxkyqnNcKt1ua4N4BsXnfe2x9CuTagVeH4CEkrxcN,Sunset,Phoenix,Alert Red,Fangs,Solar System,Psychonaut
7873,160,5863,0,https://solanart.io/search/?token=Bp88j2pEj9JXjdLuRkWUNmbFMgsKWVx4bWbprbrDPp6Y,Green Flower,Blue Tryptamine,Blue Shades,Tats,White Bucket,Purple Tank
7875,38,6398,0,https://solanart.io/search/?token=6EutPKbzpdJXz4hbv9ByNaEiLFcKKaQFsD4jLkCrpVUZ,Dark Shroom,Swirls,Alert Red,Cig,Shroom Cap,Mad Hatter
7906,45,706,0,https://solanart.io/search/?token=B2zK3Ja3mmFkcEzNZhrZfxAqwU4AoLvAksK99ytoT8Gq,Mulberry Shroom,Drippy Radioactive,Wired,Face Melt,Paisley Cowboy,Kimono
7909,120,7929,0,https://solanart.io/search/?token=6DYWedpVG7m73Drc4BzPVWpBvFz23wevEkYMvcNhTdsR,Beige,Drippy Blue,Stoned,Cig,White Bucket,TyeDye
7917,22,3737,54.93,https://solanart.io/search/?token=kjwrEZKnfEzKociXFanKz7htogeYem6o2nroU5WJ5NU,Light,Infrared Trypophobia,Orange Hypno,Face Melt,Paisley Cowboy,I _3 Chorles
7921,75,486,0,https://solanart.io/search/?token=2wCQw5c9CNS91huMfb9zWY47MmchP2tDtFhWZ3a6g4Y9,Lava Purple,Drippy Radioactive,Orange Hypno,Cig,Solar System,Butterflies
7968,80,6025,0,https://solanart.io/search/?token=Cvv2hTuSYkHjEE5HsZQMPZ2kbyfDzbpzVcNFiz8yfmw3,Cotton Candy,Drippy Pink,Rainbow Bliss,Balloon Purple,Shroom Cap,Purple Tank
7991,42.849998,6729,0,https://solanart.io/search/?token=BxMnF3cYwGppkWvQG9BLg3UuFiGgw5JyMzRxeu2Uprsn,Sunset,Blue Paranoia,Rainbow Bliss,Quiet,Headband,White Robe
8009,100,5382,0,https://solanart.io/search/?token=BwS3VmTBR5qBY8HRcbCD48DJLkZRcT5MeJ5U9xs7XFp6,Sunset,Gummy,Rainbow Bliss,Tats,Paisley Cowboy,Purple Tank
8040,56,3715,0,https://solanart.io/search/?token=FdZzDHcJ2JYi7XY9LWGe4zNoZeaLytVfV6WHbCmvKZAL,Mulberry Shroom,Marble,420 Glasses,Cig,Headband,Kimono
8065,22,3790,54.72,https://solanart.io/search/?token=HqaN7Xt1rZTvdBvquoASHJLki9jVCZhwsntPzRBYg2BH,Green Flower,Blue Tryptamine,Holy F_k,Snarl,Banana Split,Blue Tank
8077,69.690002,2336,0,https://solanart.io/search/?token=9HydtYEyk6JnsSE46MsSted5WZvfpYwgtF98ymfkno52,Sky Blue,Phoenix,Alert Red,Tats,Apesolem,Suspenders
8088,48,2997,0,https://solanart.io/search/?token=GoWLeqtSAjdA2DX2v8XkjsKWa6xMWTCwEkWBCF1AKPDN,Lime,Shroomin,Alert Blue,Eyeball,Valhalla Helm,Butterflies
8105,35,9473,0,https://solanart.io/search/?token=3fqztsXd162CHfgw2Tzy68P4VpmHn2sQFoU8KEjDuzqp,Lime,Marble,Sus,Shout,Third Eye,Tribal
8115,30,2552,0,https://solanart.io/search/?token=5FhdU3kA2xXv3EP3zKzm12rvgWrbfhwF6LGyoYmVrbZM,Sky Blue,Swirls,Blue Swirl,Rainbow Vomit,,Bat Country
8123,25,4239,22.92,https://solanart.io/search/?token=4dG11mTi1EWtnLiQNTtYBZfGwW5kuxramdqttz2dfzYa,Watercolor,Galaxy Trypophobia,Holy F_k,Fangs,Paisley Cowboy,TyeDye
8137,35,5982,0,https://solanart.io/search/?token=2rznqkMpLPf4MLtvRxbHuuN6bKSBeF3d1WmhT7XYvikA,Lime,Gold,420 Glasses,Acid Tab,White Bucket,Groovy Blue
8145,50,587,0,https://solanart.io/search/?token=5fowePGDRjwaCcRyBVhby1g51fLU374pyd9apw3CA7g1,Green Shroom,DMTree,Pit Vipers,Shout,Mad Hatter,Blue Tank
8163,120,6766,0,https://solanart.io/search/?token=AX9zBE1SvszqRH5ucgnDZ1JQBxt25wbH4iD9CPWAVT4B,Lime,Blue Tryptamine,Aviators,J,Mohawk,Tribal
8173,69.690002,2794,0,https://solanart.io/search/?token=HzKLCf24aaBFfZMafKz7LBjuYF2yyPGS7NQcGBJ1Q1PZ,Blue Tryptamine,Gold,Sus,Pipe,,Paisley Suit
8178,60,624,0,https://solanart.io/search/?token=8nGhkxXZzo3n6iXGMq4xJTYWaecb3M336vDoyba7YBHT,Sunset,Drippy Blue,Orange Slices,Rainbow Drool,White Bucket,Birthday Suit
8199,99.989998,1064,0,https://solanart.io/search/?token=8wjZycQhATGrfqJ8Vj9oXFthka5XdbBxM71MNbU3M1m2,Cotton Candy,XRay,Rainbow Shades,XRay Shout,,Blue Tank
8202,29.690001,4602,0,https://solanart.io/search/?token=5cPHwywkpqyn1Eqvn6eZCdoYTANHEy5e8VdFgGgjNdvv,Lilac,Purple Paranoia,Blue Shades,Quiet,Field Hat,Psychonaut
8220,25,3468,26.01,https://solanart.io/search/?token=8iEN4g7xAfhkoFeQaUF9hMJW3h4fCVSr6pGZWhD4pnbm,Cotton Candy,Purple Paranoia,Blue Shades,Balloon Blue,Field Hat,White Robe
8277,22.9,5102,40.47,https://solanart.io/search/?token=J6AWfyuGHZuSxRSJWDSB6aCa1VD2QrqWtQVtuMCkiZPn,Sky Blue,Infrared Trypophobia,Sus,Eyeball,Banana Split,Varsity
8284,40,382,0,https://solanart.io/search/?token=6h6p31ZNgwQU4MdJjxLZ7rMQwsWV9iCPDqnXdbt117UV,Orange Flower,Marble,Orange Hypno,Tats,Crown,Butterflies
8295,37,3891,0,https://solanart.io/search/?token=Dv9F15rpWZv9fc2jNyT3qP8RQ2HgvpeECLVTbfWNzYu6,Peach,Purple Paranoia,Fire,Cig,Mohawk,Mad Hatter
8320,99,261,0,https://solanart.io/search/?token=AUimG9wXpkenGh5UhfiCYUe1AXoE45gPTPnEcHpot916,Pink Circles,Drippy Sol,Scuba Glasses,Shroom,Headband,Psychonaut
8330,85,1080,0,https://solanart.io/search/?token=8NGr2EKXQNTsngnBECmL4uz3Q7pQidUQS2fHdN3E3Yj9,Cloudy Orange,Drippy Sol,Fire,Snarl,Third Eye,Mad Scientist
8385,40,3175,0,https://solanart.io/search/?token=BZAZGi4PC3GmSWnprhMGvtGp16o9whDGH9WzHFVjXfHm,Red Circles,Blue Tryptamine,Holy F_k,Shroom,White Bucket,TyeDye
8413,62,1994,0,https://solanart.io/search/?token=4TgaVGpJ9SuUx9pm77ixVnzzU5ntMq9ZCuyvMNSxgqx1,Lime,Fig,Rainbow Bliss,Eyeballs,Field Hat,Hoodie
8419,27.5,2264,5.83,https://solanart.io/search/?token=6kkwfdvyp6QXhxSx1xt64b49MPqtxphUrNAgVRN7sEBh,Sky Blue,Swirls,Electric,Trippy Grill,Mohawk,I _3 Chorles
8428,239,173,0,https://solanart.io/search/?token=AaFMhnrhVDDFkNU1mZJnwugk5MQKV3rkDi2pDZFhPPWQ,Beige,XRay,Shroom Lennons,XRay Quiet,Headband,Paisley Suit
8468,21,6741,52.9,https://solanart.io/search/?token=8owvNtymmBUnvi7Vqj3M592GgEostVHNnkUqH9mVGWuu,Shroom,Purple Tryptamine,Spaced Out,Cig,Beanie,Paisley Suit
8472,39,681,0,https://solanart.io/search/?token=DrK6Mai2qUsHH8bYYHpDJZBtYhrqJQBWgxHBnfXbyJQ8,Pink Circles,Skelly,Blue Shades,Skull Shout,Beanie,Bat Country
8490,30,1244,0,https://solanart.io/search/?token=2hmzLcHLXh2zYb8A2yBfv56fHZRnzwn1GPfzagreRpQr,Magenta Swirl,Blue Tryptamine,Pit Vipers,Balloon Red,Shroom Cap,Patchwork Denim
8544,45,3502,0,https://solanart.io/search/?token=HEG4CYpnpH5bG4UBDXsRA8DDKYUhqCaxrcV2DNbspi1R,Orange Flower,Marble,Sus,Pizza,Paisley Cowboy,Tribal
8556,115,462,0,https://solanart.io/search/?token=4RRM57nTTBjV3peQSRAoaJPBKUXqcqiTthZpQQUf7uVe,Pink Circles,Phoenix,3D Glasses,Balloon Red,Shroom Cap,Scarf
8578,22.222,1575,61.37,https://solanart.io/search/?token=62p72Lq5hT81mGhCZUfXhExZ5pMheLEAwdddoHaSJvQ1,Sky Blue,Purple Paranoia,Rainbow Shades,J,Banana Split,Butterflies
8598,24.99,5370,18.49,https://solanart.io/search/?token=32cermUZouWNvBkftSjHz1iTmfgS151HmBQFvkyhbZBK,Pink Circles,Fig,Alert Blue,Shout,Fedora,Tux Shirt
8602,45,6884,0,https://solanart.io/search/?token=HhR5cVNLB2G1A31frQ5ZNsSY6GWDU8reZKS7V65Gd5Yk,Sunset,Purple Tryptamine,Spaced Out,Balloon Purple,Shroom Cap,Purple Tank
8605,50,4441,0,https://solanart.io/search/?token=5V2HjwPrnkWAzoBDY8BjvfUxKYikUie2ujg1eap6GfCt,Sky Blue,Drippy Blue,Shroom Lennons,Gold Grill,Mind Blown,Groovy Green
8693,21.5,2547,64.7,https://solanart.io/search/?token=Gt4LAFk19AFscqHtPDLQH84nUtsHA9NUAYXziDAxHH9g,Purple,Feathers,Pop Out,Quiet,Apesolem,TyeDye
8715,29.690001,7214,0,https://solanart.io/search/?token=EoL8gwiEAsXYdRmnPD3y41x2MxtHETXHsXF874pv1sUz,Lilac,Blue Tryptamine,Alert Red,Shroom,Banana Split,I _3 Chorles
8736,27.77,3595,0,https://solanart.io/search/?token=BAhB4VKgTFhxSKS2nCKTZm4Lr69UebSxLyPv5KdoWAYz,Sky Blue,Blue Paranoia,Blue Swirl,Gold Grill,Shroom Cap,Birthday Suit
8737,79,4258,0,https://solanart.io/search/?token=FiaH4spGvKjP3Fgp3QkX9kcSoJDQjCtpkQSG7oTWFi3a,Orange Shroom,Infrared Trypophobia,Alert Red,Cig,Field Hat,Tux Shirt
8764,150,1297,0,https://solanart.io/search/?token=DRoaRSuW5Zzhkmeppjw6Fa45xv3o5xHsQaBXMjnVkPpb,Dark Shroom,Gold,Rainbow Shades,Face Melt,Mind Blown,Tux Shirt
8804,445,98,0,https://solanart.io/search/?token=AMC91hJ5mBxvLwpsjsxRfB4r2xa5NZWZkT6nWegq4YgV,Blotter,Fig,Laser Eyes,Ten Strip Blue,Valhalla Helm,Patchwork Denim
8811,500,48,0,https://solanart.io/search/?token=5sSVaqA54NZgjZJyCpib6p3W4svkVMpPN8a8dggmKiXW,Blotter,Fig,Rainbow Madness,Substrate,Crown,Mad Scientist
8816,200,76,0,https://solanart.io/search/?token=7r7DJVLSSqUAsyJNDQ652YiibxqQHYKRtVaNqCwkAUZr,Blotter,Diamond,HUD,Ten Strip,Crown,Patchwork Denim
8821,1420,11,0,https://solanart.io/search/?token=6qjLoZYpYDN6PvJmPHuXrHM7VEBjNe9P6aix9t4RoGLg,Blotter,OJ,Orange Slices,Rainbow Drool,Crown,Psychonaut
8822,420.690002,16,0,https://solanart.io/search/?token=48N5dQ3iiY6rEDQQQGedt64YB5hoNygbjZRUSY4fLPUH,Blotter,Shroomin,Laser Eyes,Rainbow Drool,Apesolem,Psychonaut
8829,1250,73,0,https://solanart.io/search/?token=HNsDK4uGFg32nCnXkHGRWUZTLgPy4rFYyQKQcAwJi5xQ,Blotter,Diamond,Rainbow Madness,Diamond Grill,Crown,White Rabbit
8837,300,66,0,https://solanart.io/search/?token=HbXBchK1Cw2Bu2sQ8Xmv6zJqbkmS3f1RD1Mr2idmVY5A,Blotter,Diamond,HUD,Rainbow Drool,Mad Hatter,Patchwork Denim
8863,125,28,0,https://solanart.io/search/?token=DCdsduNSDY3QLXet6GxiRKG4NmMk8vCb1DbdCNXFSPfK,Blotter,OJ,Laser Eyes,Ten Strip,Mad Hatter,Mad Scientist
8881,342,18,0,https://solanart.io/search/?token=5w7J9SDNi2dWr1JN69qNRw1gPrf6dD97ECsPHFJRcdCn,Blotter,OJ,Orange Slices,Substrate,Mad Hatter,Patchwork Denim
8895,95,92,0,https://solanart.io/search/?token=PNmwmRvL2r344cv9vCUPo36zumizqyyfhdAHgBV1w8X,Blotter,DMTree,Shroom Lennons,Eyeballs,Apesolem,Patchwork Denim
8904,69.690002,6187,0,https://solanart.io/search/?token=62QEEAsNQ73nbMNuZsUoTvm2Y2nSxVssdhxiqghDL5qq,Beige,Drippy Sol,Spaced Out,Quiet,,
8908,99,5923,0,https://solanart.io/search/?token=7F9rQ7uEMWgq4wESr7R3XdLTN9Uk7qhQ7S2fWi2fsfs8,Beige,Galaxy Trypophobia,Alert Red,Quiet,,
8916,100,4382,0,https://solanart.io/search/?token=CD1tvfTFBzfCEW5XXzrdbtJZ5Co3xg7wutWshyGme1Px,Sky Blue,Gold,Alert Red,Snarl,,
8932,145,5005,0,https://solanart.io/search/?token=798cwCY6jSaZVgipxvSGTczxtpJrJ5CWGrc9Kpe8EAVf,Lime,Drippy Sol,Alert Red,Acid Tab,,
8940,39.900002,4529,0,https://solanart.io/search/?token=J3dsJ37fxFeSK6P1tEa9un5LHp8SyPTiNd79yFs7aAeo,Peach,Purple Paranoia,Wired,Gold Grill,,
8951,95,2641,0,https://solanart.io/search/?token=GqdhR8iiPPrsuo8PRWCZkp2oLtH96m4uCtUXWVRiede8,Purple,Blue Paranoia,Blue Hypno,Shout,,
8970,30,7111,0,https://solanart.io/search/?token=F1ceqt1XnJUnu1McUyxu3vDhGi42FjEB1wFYGEmfudDV,Cotton Candy,Drippy Pink,Alert Blue,Snarl,,
8997,38,6833,0,https://solanart.io/search/?token=BGaqzkVn7uhAy8uCUahbii1ZSqBCnbSYnNhQPo1Euxr6,Sky Blue,Drippy Pink,Alert Red,Acid Tab,,
9001,45,3876,0,https://solanart.io/search/?token=4YQKBk45FGtD5Vk1nCCw8G3zF43kzTMoEcYB5icd7mJh,Mint,Purple Tryptamine,Spaced Out,Diamond Grill,,
9009,333,4245,0,https://solanart.io/search/?token=6nYDqY4U7tJ8RUH3x3ATziArvyHfdLusbYLa8Xc96SMS,Lilac,Gold,Spaced Out,Shout,,
9018,598,4976,0,https://solanart.io/search/?token=6JNreJiwv6XJi68tzDyMWnA8JnSfCnY9CF9AEwq8ghjP,Lilac,Inferno Trypophobia,Alert Red,Snarl,,
9058,22.4,3874,50.38,https://solanart.io/search/?token=CAZyT1P7SeFjiThEWJhGD1hXkPnmwJNHENuJkabFWVxf,Watercolor,Drippy Blue,Blue Hypno,Balloon Red,Mohawk,TyeDye
9065,55,9605,0,https://solanart.io/search/?token=2xdCMz2KUBswn5VazKbqybsGgDe2gwRn6vhEA3apTynz,Sky Blue,Drippy Blue,Blue Shades,Quiet,White Bucket,Tux Shirt
9068,80,9110,0,https://solanart.io/search/?token=8ex9Rz85RWfcRgjmnhb66CrmhkjTYKPxesXW2zdcKoSS,Cotton Candy,Drippy Blue,420 Glasses,Quiet,White Bucket,Tribal
9128,24,8502,15.85,https://solanart.io/search/?token=6pLhXngoKTUDG3KTfKfqSiBEkfdWt1R14kQ1GQncEfi9,Lilac,Blue Tryptamine,Blue Hypno,Quiet,White Bucket,Tribal
9145,99,9428,0,https://solanart.io/search/?token=Fv79G4t6KcayaNq4trNGC6aTptcJmZYLbmBHg26QLeaa,Light,Drippy Blue,Alert Blue,Quiet,Mohawk,Mad Hatter
9154,49.59,9634,0,https://solanart.io/search/?token=BvyabM92ZHs6vjfnU6VFceQzgcUvAqr6npsd99t2Xetk,Beige,Drippy Pink,Blue Shades,Quiet,Fedora,Groovy Blue
9167,32,7745,0,https://solanart.io/search/?token=FbSHhw7bJko5FhMvAwWwbZmgWj24FzTYhSWjnTr8b7jv,Watercolor,Drippy Blue,Wired,Balloon Purple,Beanie,Tribal
9202,100,9987,0,https://solanart.io/search/?token=A1aySob63YMZjWg2hbVgTCcdFCZM1WWrAe3xnbMykqRj,Purple,Marble,Alert Red,Snarl,White Bucket,I _3 Chorles
9217,45,9498,0,https://solanart.io/search/?token=F2LNy4bfrQXjAtQwCJFPKbJKPUpAigLjdEd5tGfJKQ6,Watercolor,Blue Tryptamine,Alert Red,Snarl,Fedora,Groovy Green
9220,21.799999,9158,35.22,https://solanart.io/search/?token=GN6hm2ZsVKqqk27eQXDj7VJuD7JTfoV7hyEgFMmsNqsJ,Sunset,Drippy Blue,Alert Red,Gold Grill,,Purple Tank
9235,42.689999,9324,0,https://solanart.io/search/?token=FQU1vNEb8MGV1P4fANqe6c3VCGYLw9FbCoBskQqRmGi1,Sky Blue,Blue Tryptamine,420 Glasses,Fangs,,TyeDye
9282,35,9870,0,https://solanart.io/search/?token=CbFt8QzaFekGqscSyHfw3aHbiug1MBo5i4q4WW6GcbkA,Mint,Marble,Alert Red,Eyeball,White Bucket,I _3 Chorles
9329,19.450001,8739,60.4,https://solanart.io/search/?token=6WA8h67BoGCknPw9BJHuW38reGq9ziTT5M37iUKX66mE,Beige,Blue Tryptamine,Sus,Tats,Fedora,Purple Tank
9332,80,9604,0,https://solanart.io/search/?token=Eu2xzy6T4Cb3dk8oKCGPpy9uAsrY69g9oYp9vrRcxXkD,Lime,Blue Tryptamine,420 Glasses,Quiet,White Bucket,Tux Shirt
9404,36,9567,0,https://solanart.io/search/?token=2SJZvyUyTpyvNpt99u7tBq6zrxjxPkXZZadQd5LvcS9h,Lilac,Drippy Blue,Alert Blue,Shout,White Bucket,Tux Shirt
9415,46.689999,9068,0,https://solanart.io/search/?token=4aFeUsyxAsyNukCcVrXQCHkd9LPSEPtjviJsAMUKTyYV,Cloudy Orange,Blue Tryptamine,Spaced Out,Eyeball,Mohawk,Tux Shirt
9433,75,9015,0,https://solanart.io/search/?token=8nuP9zeM6ciHob17Pmuvvtxpwb3HM3aZvjnByd9LbG6B,Cotton Candy,Purple Tryptamine,420 Glasses,Fangs,,TyeDye
9464,85,7933,0,https://solanart.io/search/?token=D2qi1nnD3vfdGa9Z2yjQzpJ6r8g4ggMo5ZcTJoYTusPR,Lilac,Swirls,Spaced Out,Gold Grill,Headband,Birthday Suit
9465,120,7493,0,https://solanart.io/search/?token=HUyWpsk8vmQQh3TWs6acudTWcmcwA7khDswiVb9jznGT,Lilac,Marble,Wired,Balloon Blue,Cap,Birthday Suit
9480,120,9663,0,https://solanart.io/search/?token=9q6ctcQA3RMGEiLKxo4ssw2NHhMDjajRaRuhKYt2reDg,Lilac,Drippy Blue,Alert Red,Snarl,Cap,Groovy Blue
9490,250,9355,0,https://solanart.io/search/?token=5ES6776nbhAjBBCWNarMAnkNY1So9bhz2VAEFMeeWf8g,Sky Blue,Swirls,Alert Blue,Pipe,,Blue Tank
9494,26,9812,0,https://solanart.io/search/?token=643LoAUJtFUGbRFXFUZPaX2x5qJd6NVmKKvMEduAYh34,Lime,Purple Tryptamine,Spaced Out,Snarl,Cap,Groovy Blue
9588,250,9508,0,https://solanart.io/search/?token=5KGRB9b2gJQkBRYAZHBYDQ96UCjxr88q3EAhBd5EMCKd,Lilac,Purple Tryptamine,Alert Blue,Quiet,Headband,Birthday Suit
9600,20,9851,50.44,https://solanart.io/search/?token=3dc1H8cy6nWbu3U8oR7x94cU5J82k8CTK89SnxXpcokD,Sky Blue,Marble,420 Glasses,Gold Grill,Beanie,I _3 Chorles
9616,22.6,8411,30.21,https://solanart.io/search/?token=61Dag3WgLVYiNvkQhgVbxCA2o7gPK3gqJP3BAPiPtbYu,Purple,Blue Tryptamine,Wired,Balloon Purple,Mohawk,Groovy Green
9677,38.5,9877,0,https://solanart.io/search/?token=FQFoEdgayZPDE439Da12UasWS3DYeNpfgMYgLXat9xMA,Cotton Candy,Blue Tryptamine,Alert Red,Fangs,Beanie,I _3 Chorles
9712,20,9031,53.73,https://solanart.io/search/?token=D3XpxjBjsJgqaZLm1KN1AwJf5cWCwayiyNcTeRWDhUkF,Cloudy Orange,Blue Tryptamine,Wired,Acid Tab,White Bucket,Purple Tank
9745,20,9405,52.23,https://solanart.io/search/?token=5kg9vzwTNBF56oXjwuAoyrMqJHetr7frHpjKbaxBzN3,Lime,Marble,Blue Shades,Cig,Headband,Purple Tank
9749,200,9636,0,https://solanart.io/search/?token=D5398rK8ST9wX3Tcbj8UcLFMqBS5xotEFLAPNXSddx6d,Peach,Blue Tryptamine,Wired,Gold Grill,Fedora,I _3 Chorles
9756,24.690001,9681,4.23,https://solanart.io/search/?token=5Thayrsx3kWdzynVKPCC9DsHvP4b3hnXgq3T5Yw61oSQ,Lilac,Drippy Blue,Blue Shades,Quiet,Mohawk,Groovy Green
9772,21,9526,41.75,https://solanart.io/search/?token=Bvq4Vp4T3Hr3Ds4L8AdWzxGMppeFA9Vsu9GGhgqssBNV,Purple,Drippy Blue,Rainbow Bliss,Cig,Fedora,I _3 Chorles
9819,20,9919,50.17,https://solanart.io/search/?token=H4KHd7T8JR87QR22XmDyaRvuBtjfoBHAaK3WjKpagKfN,Lilac,Marble,Sus,Quiet,Cap,TyeDye
9827,300,9716,0,https://solanart.io/search/?token=6by2Aaq2LxPqP8g9qxiwpqXA2WAnJ6N3B5badm41ANZS,Purple,Drippy Pink,Alert Red,Quiet,Cap,Tux Shirt
9890,80,9005,0,https://solanart.io/search/?token=E96eumqsXRhPmzJNNuRis5kbV3jMmgeuiicBTLw88YNa,Light,Swirls,Rainbow Shades,Snarl,,Tribal
9904,109.330002,8966,0,https://solanart.io/search/?token=CwvjYR731ssfHQgRv45xAxNQz7uEa6jdtTKA2szkNwcC,Purple,Purple Tryptamine,420 Glasses,Pipe,Headband,TyeDye
9983,20,9834,50.51,https://solanart.io/search/?token=7N82xc1PZZc6TFoSKWzWoejGW67MHiFPnbbivLZHpicY,Lime,Marble,Wired,Pipe,Headband,I _3 Chorles
9986,85,9901,0,https://solanart.io/search/?token=A4hDBBZsMQE7s8hLDwA2tDAxgq1s3jyLA9nC48EY4EfZ,Watercolor,Purple Tryptamine,Alert Blue,Shout,Headband,I _3 Chorles
9993,188,9230,0,https://solanart.io/search/?token=Hv6CAwN6snwjMV3Psn8UyEvQc7iBX66CUHhwQeb93YFm,Mint,Purple Tryptamine,Rainbow Shades,Eyeball,,Groovy Blue
